insert into NHÓM_BỆNH values('cảm cúm', 'cảm mạo (phong hàn thấp)');
insert into NHÓM_BỆNH values('cảm cúm', 'cúm (phong nhiệt)');
insert into NHÓM_BỆNH values('viêm phế quản', 'viêm phế quản do phong hàn');
insert into NHÓM_BỆNH values('viêm phế quản', 'viêm phế quản do phong nhiệt');
insert into NHÓM_BỆNH values('viêm phế quản', 'viêm phế quản do thủy ẩm (hàn ẩm)');
insert into NHÓM_BỆNH values('viêm phế quản', 'viêm phế quản do khí táo (?)');
insert into NHÓM_BỆNH values('viêm phế quản', 'viêm phế quản do tyd dương hư, đờm thấp');
insert into NHÓM_BỆNH values('hen phế quản', 'hen hàn (lãnh háo)');
insert into NHÓM_BỆNH values('hen phế quản', 'hen nhiệt (nhiệt háo)');
insert into NHÓM_BỆNH values('hen phế quản', 'phế khí hư');
insert into NHÓM_BỆNH values('hen phế quản', 'phế âm hư');
insert into NHÓM_BỆNH values('hen phế quản', 'tỳ dương hư');
insert into NHÓM_BỆNH values('hen phế quản', 'thận dương hư');
insert into NHÓM_BỆNH values('hen phế quản', 'thận âm hư');
insert into NHÓM_BỆNH values('nấc', 'nấc');
insert into NHÓM_BỆNH values('vị thống)', 'khí trệ');
insert into NHÓM_BỆNH values('vị thống)', 'hỏa uất');
insert into NHÓM_BỆNH values('vị thống)', 'huyết ứ');
insert into NHÓM_BỆNH values('vị thống)', 'hư chứng (thể hoãn)');
insert into NHÓM_BỆNH values('vị thống)', 'tỳ vị hư hàn');
insert into NHÓM_BỆNH values('đau bụng cấp (phúc thống)', 'đau bụng cảm hàn');
insert into NHÓM_BỆNH values('đau bụng cấp (phúc thống)', 'đau bụng do tỳ vị hư hàn');
insert into NHÓM_BỆNH values('đau bụng cấp (phúc thống)', 'đau bụng do thực tích');
insert into NHÓM_BỆNH values('đau bụng cấp (phúc thống)', 'đau bụng do trùng tích (giun)');
insert into NHÓM_BỆNH values('đau bụng cấp (phúc thống)', 'đau bụng do khí trệ');
insert into NHÓM_BỆNH values('đau bụng cấp (phúc thống)', 'đau bụng do huyết ứ');
insert into NHÓM_BỆNH values('ỉa chảy', 'ỉa chảy do hàn');
insert into NHÓM_BỆNH values('ỉa chảy', 'ỉa chảy do nhiệt thử');
insert into NHÓM_BỆNH values('ỉa chảy', 'ỉa chảy do thấp trệ (?)');
insert into NHÓM_BỆNH values('ỉa chảy', 'tỳ hư');
insert into NHÓM_BỆNH values('ỉa chảy', 'thận dương hư (mệnh môn hỏa suy)');
insert into NHÓM_BỆNH values('ỉa chảy', 'ỉa chảy mãn do can tỳ bất hỏa');
insert into NHÓM_BỆNH values('hội chứng lị (a míp, trực khuẩn)', 'lị do hàn thấp (bạch lị)');
insert into NHÓM_BỆNH values('hội chứng lị (a míp, trực khuẩn)', 'lị do thấp  nhiệt (xích bạch lị)');
insert into NHÓM_BỆNH values('hội chứng lị (a míp, trực khuẩn)', 'lị do dịch độc (xích lị)');
insert into NHÓM_BỆNH values('hội chứng lị (a míp, trực khuẩn)', 'lị cấm khẩu');
insert into NHÓM_BỆNH values('hội chứng lị (a míp, trực khuẩn)', 'lị mãn tính (hưu tức lị)');
insert into NHÓM_BỆNH values('táo bón', 'thực chứng');
insert into NHÓM_BỆNH values('táo bón', 'táo bón do âm hư huyết nhiệt (?)');
insert into NHÓM_BỆNH values('táo bón', 'táo bón do dương khí hư (ở người già, suy nhược, phụ nữ đẻ nhiều lần)');
insert into NHÓM_BỆNH values('lòi dom', 'thực chứng (thường gặp ở những người trẻ tuổi)');
insert into NHÓM_BỆNH values('lòi dom', 'hư chứng (ngươig già yếu, trẻ em khí hư)');
insert into NHÓM_BỆNH values('bí tiểu tiện', 'nhiêm khuẩn đường tiết niệu');
insert into NHÓM_BỆNH values('bí tiểu tiện', 'sỏi đường tiết niệu, sang chấn (có thể dung cho hậu phẫu)');
insert into NHÓM_BỆNH values('bí tiểu tiện', 'phế khí không giáng (?)');
insert into NHÓM_BỆNH values('bí tiểu tiện', 'do thận hư (hay gặp ở người già)');
insert into NHÓM_BỆNH values('bí tiểu tiện', 'phụ nữ có mang bí tiểu');
insert into NHÓM_BỆNH values('đau lưng', 'đau lưng do hàn thấp');
insert into NHÓM_BỆNH values('đau lưng', 'đau lưng cấp do chấn thương, huyết ứ');
insert into NHÓM_BỆNH values('đau lưng', 'đau lưng do thận hư');
insert into NHÓM_BỆNH values('đau dây thần kinh hông', 'do phong hàn');
insert into NHÓM_BỆNH values('đau dây thần kinh hông', 'thoái hóa cột sống gây chèn ép');
insert into NHÓM_BỆNH values('đau dây thần kinh liên sườn (hiếp thống)', 'can khí uất nghịch');
insert into NHÓM_BỆNH values('đau dây thần kinh liên sườn (hiếp thống)', 'đờm ẩm');
insert into NHÓM_BỆNH values('đau dây thần kinh liên sườn (hiếp thống)', 'ứ huyết');
insert into NHÓM_BỆNH values('vẹo cổ cấp', 'vẹo cổ cấp');
insert into NHÓM_BỆNH values('hội chứng cổ tay, vai vận động hạn chế', 'chứng hư ( hàn)');
insert into NHÓM_BỆNH values('hội chứng cổ tay, vai vận động hạn chế', 'chứng thực (nhiệt)');
insert into NHÓM_BỆNH values('đau nhức xương cơ khớp (chứng tý)', 'phong tý (hành tý)');
insert into NHÓM_BỆNH values('đau nhức xương cơ khớp (chứng tý)', 'hàn tý (thống tý)');
insert into NHÓM_BỆNH values('đau nhức xương cơ khớp (chứng tý)', 'thấp tý (trước tý)');
insert into NHÓM_BỆNH values('đau nhức xương cơ khớp (chứng tý)', 'viêm khớp dạng thấp (phong thấp nhiệt tý )');
insert into NHÓM_BỆNH values('suy nhược thần kinh', 'can tâm khí uất kết');
insert into NHÓM_BỆNH values('suy nhược thần kinh', 'thận âm hư, can dương vượng');
insert into NHÓM_BỆNH values('suy nhược thần kinh', 'tâm canthận âm hư');
insert into NHÓM_BỆNH values('suy nhược thần kinh', 'tâm tỳ hư');
insert into NHÓM_BỆNH values('suy nhược thần kinh', 'thận khí hư (âm dương lưỡng hư)');
insert into NHÓM_BỆNH values('mất ngủ', 'mất ngủ do tâm huyết hư tổn');
insert into NHÓM_BỆNH values('mất ngủ', 'mất ngủ do tâm thận bất giao');
insert into NHÓM_BỆNH values('mất ngủ', 'mất ngủ do tỳ vị bất hòa');
insert into NHÓM_BỆNH values('mất ngủ', 'thực chứng');
insert into NHÓM_BỆNH values('mất ngủ', 'hư chứng');
insert into NHÓM_BỆNH values('đau đầu', 'ngoại cảm phong tà');
insert into NHÓM_BỆNH values('đau đầu', 'đờm trọc thực tích (?)');
insert into NHÓM_BỆNH values('đau đầu', 'can khí thượng nghịch (?)');
insert into NHÓM_BỆNH values('đau đầu', 'khí hư');
insert into NHÓM_BỆNH values('đau đầu', 'huyết hư');
insert into NHÓM_BỆNH values('đau dây thần kinh tam thoa', 'đau dây thần kinh tam thoa');
insert into NHÓM_BỆNH values('hội chứng mê ni e (meniere) (huyễn vựng)', 'can phong');
insert into NHÓM_BỆNH values('hội chứng mê ni e (meniere) (huyễn vựng)', 'đờm thấp (?)');
insert into NHÓM_BỆNH values('hội chứng mê ni e (meniere) (huyễn vựng)', 'huyết hư');
insert into NHÓM_BỆNH values('liệt dây vii ngoại biên (khẩu nhãn oa tà)', 'liệt dây vii do lạnh');
insert into NHÓM_BỆNH values('liệt dây vii ngoại biên (khẩu nhãn oa tà)', 'liệt dây vii do nhiễm trùng');
insert into NHÓM_BỆNH values('liệt dây vii ngoại biên (khẩu nhãn oa tà)', 'liệt dây vii do sang chấn (?)');
insert into NHÓM_BỆNH values('tai biến mạch máu não (trúng phong)', 'trúng phong kinh lạc (?)');
insert into NHÓM_BỆNH values('tai biến mạch máu não (trúng phong)', 'chứng bế (hôn mê nông)');
insert into NHÓM_BỆNH values('tai biến mạch máu não (trúng phong)', 'chứng thoát (hôn mê sâu)');
insert into NHÓM_BỆNH values('kinh nguyệt không đều', 'huyết nhiệt (thực nhiệt)');
insert into NHÓM_BỆNH values('kinh nguyệt không đều', 'âm hư, huyết nhiệt (hư nhiệt)');
insert into NHÓM_BỆNH values('kinh nguyệt không đều', 'do khí hư');
insert into NHÓM_BỆNH values('kinh nguyệt không đều', 'do hàn');
insert into NHÓM_BỆNH values('kinh nguyệt không đều', 'huyết ứ (thực)');
insert into NHÓM_BỆNH values('kinh nguyệt không đều', 'huyết hư');
insert into NHÓM_BỆNH values('kinh nguyệt không đều', 'đàm thấp');
insert into NHÓM_BỆNH values('kinh nguyệt không đều', 'khí uất');
insert into NHÓM_BỆNH values('kinh nguyệt không đều', 'can khí uất kết');
insert into NHÓM_BỆNH values('kinh nguyệt không đều', 'tỳ hư');
insert into NHÓM_BỆNH values('kinh nguyệt không đều', 'can thận hư');
insert into NHÓM_BỆNH values('khí hư', 'nhiễm khuẩn');
insert into NHÓM_BỆNH values('khí hư', 'can uất');
insert into NHÓM_BỆNH values('khí hư', 'đàm thấp (?)');
insert into NHÓM_BỆNH values('khí hư', 'tỳ hư');
insert into NHÓM_BỆNH values('khí hư', 'thận dương (?) hư');
insert into NHÓM_BỆNH values('khí hư', 'thận âm (?) hư');
insert into NHÓM_BỆNH values('tắc tia sữa', 'tắc tia sữa');
insert into NHÓM_BỆNH values('sốt cao co giật trẻ em (cấp kinh phong)', 'sốt cao co giật trẻ em (cấp kinh phong)');
insert into NHÓM_BỆNH values('ho gà (bách nhật khái)', 'giai đoạn sơ nhiễm');
insert into NHÓM_BỆNH values('ho gà (bách nhật khái)', 'giai đoạn ho cơn');
insert into NHÓM_BỆNH values('ho gà (bách nhật khái)', 'giai đoạn phục hồi');
insert into NHÓM_BỆNH values('đái dầm', 'thận khí hư hàn');
insert into NHÓM_BỆNH values('đái dầm', 'do phế tỳ khí hư');
insert into NHÓM_BỆNH values('đái dầm', 'do can khí uất nhiệt');
insert into NHÓM_BỆNH values('quai bị', 'quai bị');
insert into NHÓM_BỆNH values('viêm não nhật bản b', 'thể vệ khí (khởi phát chưa có biến chứng)');
insert into NHÓM_BỆNH values('viêm não nhật bản b', 'thể doanh huyết (toàn phát có biến chứng)');
insert into NHÓM_BỆNH values('viêm não nhật bản b', 'giai đoạn hồi phục và di chứng');
insert into NHÓM_BỆNH values('di chứng bại liệt trẻ em (giai đoạn đầu trong vòng 6 tháng)', 'di chứng bại liệt trẻ em (giai đoạn đầu trong vòng 6 tháng)');
insert into NHÓM_BỆNH values('cận thị trẻ em', 'loại cận thị nhẹ không quá 3 đi ốp, không có tổn thưpwng thực thể ở mắt có thể chữa bằng châm cứu');
insert into NHÓM_BỆNH values('viêm kết mạc (thiên hành xích nhãn)', 'viêm kết mạc thể cấp');
insert into NHÓM_BỆNH values('viêm kết mạc (thiên hành xích nhãn)', 'viêm kết mạc thể bán cấp và mãn');
insert into NHÓM_BỆNH values('đục nhân mắt (không có biến chứng)', 'đục nhân mắt (không có biến chứng)');
insert into NHÓM_BỆNH values('viêm võng mạc trung tâm', 'viêm võng mạc trung tâm');
insert into NHÓM_BỆNH values('viêm mũi cấp (viêm mũi dị ứng)', 'viêm mũi cấp (viêm mũi dị ứng)');
insert into NHÓM_BỆNH values('viêm xoang cấp', 'viêm xoang dị ứng');
insert into NHÓM_BỆNH values('viêm xoang cấp', 'viêm xoang nhiễm khuẩn');
insert into NHÓM_BỆNH values('viêm họng', 'viêm họng cấp');
insert into NHÓM_BỆNH values('viêm họng', 'viêm họng mãn tính');
insert into NHÓM_BỆNH values('viêm thanh quản (thất âm)', 'phong hàn');
insert into NHÓM_BỆNH values('viêm thanh quản (thất âm)', 'đờm nhiệt');
insert into NHÓM_BỆNH values('viêm thanh quản (thất âm)', 'phế âm hư');
insert into NHÓM_BỆNH values('viêm thanh quản (thất âm)', 'thận âm hư');
insert into NHÓM_BỆNH values('viêm a mi đan cấp', 'thể nhẹ');
insert into NHÓM_BỆNH values('viêm a mi đan cấp', 'thể nặng');
insert into NHÓM_BỆNH values('đau răng', 'đau răng cấp tính (thực chứng)');
insert into NHÓM_BỆNH values('đau răng', 'đau răng mãn (hư chứng)');
insert into NHÓM_BỆNH values('viêm lợi cấp (phong nhiệt nha cam)', 'viêm lợi cấp (phong nhiệt nha cam)');
insert into NHÓM_BỆNH values('mề đay (phong chẩn khối)', 'thể phong hàn');
insert into NHÓM_BỆNH values('mề đay (phong chẩn khối)', 'thể phong nhiệt');
insert into BỆNH_TC values('cảm mạo (phong hàn thấp)', 'hắt hơi');
insert into BỆNH_TC values('cảm mạo (phong hàn thấp)', 'sổ mũi hoặc ngạt');
insert into BỆNH_TC values('cảm mạo (phong hàn thấp)', 'tiếng nói nặng');
insert into BỆNH_TC values('cảm mạo (phong hàn thấp)', 'sốt nhẹ');
insert into BỆNH_TC values('cảm mạo (phong hàn thấp)', 'sợ lạnh');
insert into BỆNH_TC values('cảm mạo (phong hàn thấp)', 'sợ gió');
insert into BỆNH_TC values('cảm mạo (phong hàn thấp)', 'không có mồ hôi');
insert into BỆNH_TC values('cảm mạo (phong hàn thấp)', 'có kèm đau đầu');
insert into BỆNH_TC values('cảm mạo (phong hàn thấp)', 'ho');
insert into BỆNH_TC values('cảm mạo (phong hàn thấp)', 'rêu lưỡi trắng mỏng');
insert into BỆNH_TC values('cảm mạo (phong hàn thấp)', 'mạch phù khẩn. nếu kem them thấp thì người năng nề');
insert into BỆNH_TC values('cảm mạo (phong hàn thấp)', 'nhức mỏi');
insert into BỆNH_TC values('cảm mạo (phong hàn thấp)', 'đau các khớp');
insert into BỆNH_TC values('cúm (phong nhiệt)', 'sốt');
insert into BỆNH_TC values('cúm (phong nhiệt)', 'sợ gió');
insert into BỆNH_TC values('cúm (phong nhiệt)', 'không sợ lạnh');
insert into BỆNH_TC values('cúm (phong nhiệt)', 'nhiều mồ hôi');
insert into BỆNH_TC values('cúm (phong nhiệt)', 'nặng đầu');
insert into BỆNH_TC values('cúm (phong nhiệt)', 'miệng khô');
insert into BỆNH_TC values('cúm (phong nhiệt)', 'mũi khô');
insert into BỆNH_TC values('cúm (phong nhiệt)', 'ho ra đờm');
insert into BỆNH_TC values('cúm (phong nhiệt)', 'có thể chảy máu cam');
insert into BỆNH_TC values('cúm (phong nhiệt)', 'lưỡi rêu vàng');
insert into BỆNH_TC values('cúm (phong nhiệt)', 'mạch phù');
insert into BỆNH_TC values('viêm phế quản do phong hàn', 'ho ra đờm trắng');
insert into BỆNH_TC values('viêm phế quản do phong hàn', 'loãng');
insert into BỆNH_TC values('viêm phế quản do phong hàn', 'dễ khạc');
insert into BỆNH_TC values('viêm phế quản do phong hàn', 'sốt');
insert into BỆNH_TC values('viêm phế quản do phong hàn', 'sợ lạnh');
insert into BỆNH_TC values('viêm phế quản do phong hàn', 'nhức đầu');
insert into BỆNH_TC values('viêm phế quản do phong hàn', 'chảy nước mũi');
insert into BỆNH_TC values('viêm phế quản do phong hàn', 'ngứa cổ');
insert into BỆNH_TC values('viêm phế quản do phong hàn', 'khản tiếng');
insert into BỆNH_TC values('viêm phế quản do phong hàn', 'rêu lưỡi trắng mỏng');
insert into BỆNH_TC values('viêm phế quản do phong hàn', 'mạch phù');
insert into BỆNH_TC values('viêm phế quản do phong hàn', 'khẩn');
insert into BỆNH_TC values('viêm phế quản do phong nhiệt', 'ho khạc ra đờm màu vàng');
insert into BỆNH_TC values('viêm phế quản do phong nhiệt', 'trắng dính');
insert into BỆNH_TC values('viêm phế quản do phong nhiệt', 'họng khô');
insert into BỆNH_TC values('viêm phế quản do phong nhiệt', 'sốt');
insert into BỆNH_TC values('viêm phế quản do phong nhiệt', 'phiền khát');
insert into BỆNH_TC values('viêm phế quản do phong nhiệt', 'sợ gió');
insert into BỆNH_TC values('viêm phế quản do phong nhiệt', 'rêu lưỡi vàng mỏng');
insert into BỆNH_TC values('viêm phế quản do phong nhiệt', 'mạch phù');
insert into BỆNH_TC values('viêm phế quản do phong nhiệt', 'sác');
insert into BỆNH_TC values('viêm phế quản do thủy ẩm (hàn ẩm)', 'bệnh hay tái phát');
insert into BỆNH_TC values('viêm phế quản do thủy ẩm (hàn ẩm)', 'trời lạnh bệnh tăng');
insert into BỆNH_TC values('viêm phế quản do thủy ẩm (hàn ẩm)', 'khó thở');
insert into BỆNH_TC values('viêm phế quản do thủy ẩm (hàn ẩm)', 'nhiều đờm');
insert into BỆNH_TC values('viêm phế quản do thủy ẩm (hàn ẩm)', 'khạc trắng loãng');
insert into BỆNH_TC values('viêm phế quản do thủy ẩm (hàn ẩm)', 'sợ lạnh');
insert into BỆNH_TC values('viêm phế quản do thủy ẩm (hàn ẩm)', 'rêu lưỡi trắng trơn');
insert into BỆNH_TC values('viêm phế quản do thủy ẩm (hàn ẩm)', 'mạch tế nhược (thường gặp ở người già');
insert into BỆNH_TC values('viêm phế quản do thủy ẩm (hàn ẩm)', 'giảm chức năng hô hấp)');
insert into BỆNH_TC values('viêm phế quản do khí táo (?)', 'ho khan nhiều');
insert into BỆNH_TC values('viêm phế quản do khí táo (?)', 'ngứa họng');
insert into BỆNH_TC values('viêm phế quản do khí táo (?)', 'miệng khô');
insert into BỆNH_TC values('viêm phế quản do khí táo (?)', 'họng khô');
insert into BỆNH_TC values('viêm phế quản do khí táo (?)', 'đau đầu');
insert into BỆNH_TC values('viêm phế quản do khí táo (?)', 'mạch phù sác');
insert into BỆNH_TC values('viêm phế quản do tyd dương hư, đờm thấp', 'ho nhiều về buổi sang');
insert into BỆNH_TC values('viêm phế quản do tyd dương hư, đờm thấp', 'mùa đong nặng hơn');
insert into BỆNH_TC values('viêm phế quản do tyd dương hư, đờm thấp', 'đờm dính loãng');
insert into BỆNH_TC values('viêm phế quản do tyd dương hư, đờm thấp', 'dễ khạc');
insert into BỆNH_TC values('viêm phế quản do tyd dương hư, đờm thấp', 'hoặc thành cục dính');
insert into BỆNH_TC values('viêm phế quản do tyd dương hư, đờm thấp', 'tức ngực');
insert into BỆNH_TC values('viêm phế quản do tyd dương hư, đờm thấp', 'ăn kém');
insert into BỆNH_TC values('viêm phế quản do tyd dương hư, đờm thấp', 'rêu lưỡi trắng dính');
insert into BỆNH_TC values('viêm phế quản do tyd dương hư, đờm thấp', 'mạch nhu hoạt');
insert into BỆNH_TC values('hen hàn (lãnh háo)', 'cơn hay phát về mùa lạnh');
insert into BỆNH_TC values('hen hàn (lãnh háo)', 'sắc mặt xanh nhợt');
insert into BỆNH_TC values('hen hàn (lãnh háo)', 'chân tay lanh');
insert into BỆNH_TC values('hen hàn (lãnh háo)', 'đờm trắng loãng có bọt');
insert into BỆNH_TC values('hen hàn (lãnh háo)', 'dễ khạc');
insert into BỆNH_TC values('hen hàn (lãnh háo)', 'không khát');
insert into BỆNH_TC values('hen hàn (lãnh háo)', 'ưa nước nóng');
insert into BỆNH_TC values('hen hàn (lãnh háo)', 'rêu lưỡi trắng mỏng');
insert into BỆNH_TC values('hen hàn (lãnh háo)', 'nhờn ướt');
insert into BỆNH_TC values('hen hàn (lãnh háo)', 'đại tiện nhão nát');
insert into BỆNH_TC values('hen hàn (lãnh háo)', 'mạch khẩn');
insert into BỆNH_TC values('hen hàn (lãnh háo)', 'hoạt');
insert into BỆNH_TC values('hen nhiệt (nhiệt háo)', 'hay phát về mùa nóng');
insert into BỆNH_TC values('hen nhiệt (nhiệt háo)', 'người bứt rứt');
insert into BỆNH_TC values('hen nhiệt (nhiệt háo)', 'da sờ nóng');
insert into BỆNH_TC values('hen nhiệt (nhiệt háo)', 'ngực tức khó thở');
insert into BỆNH_TC values('hen nhiệt (nhiệt háo)', 'thở dồn tiếng to');
insert into BỆNH_TC values('hen nhiệt (nhiệt háo)', 'mặt môi đỏ tím');
insert into BỆNH_TC values('hen nhiệt (nhiệt háo)', 'khát');
insert into BỆNH_TC values('hen nhiệt (nhiệt háo)', 'ưa uống nước');
insert into BỆNH_TC values('hen nhiệt (nhiệt háo)', 'đại tiện táo');
insert into BỆNH_TC values('hen nhiệt (nhiệt háo)', 'lưỡi đỏ');
insert into BỆNH_TC values('hen nhiệt (nhiệt háo)', 'rêu lưỡi vàng dày');
insert into BỆNH_TC values('hen nhiệt (nhiệt háo)', 'trơn. mạch hoạt');
insert into BỆNH_TC values('hen nhiệt (nhiệt háo)', 'sác');
insert into BỆNH_TC values('phế khí hư', 'sợ lạnh');
insert into BỆNH_TC values('phế khí hư', 'tự ra mồ hôi');
insert into BỆNH_TC values('phế khí hư', 'tiếng thở và tiếng ho ngắn gấp');
insert into BỆNH_TC values('phế khí hư', 'đờm nhiều');
insert into BỆNH_TC values('phế khí hư', 'loãng');
insert into BỆNH_TC values('phế khí hư', 'tiếng nói nhỏ yếu');
insert into BỆNH_TC values('phế khí hư', 'sắc mặt trắng bợt');
insert into BỆNH_TC values('phế khí hư', 'mệt mỏi');
insert into BỆNH_TC values('phế khí hư', 'có thể ngạt mũi');
insert into BỆNH_TC values('phế khí hư', 'sổ mũi');
insert into BỆNH_TC values('phế khí hư', 'chất lưỡi nhợt');
insert into BỆNH_TC values('phế khí hư', 'rêu lưỡi trắng mỏng. mạch nhu hoãn vô lực (?)');
insert into BỆNH_TC values('phế âm hư', 'ho');
insert into BỆNH_TC values('phế âm hư', 'thở gấp');
insert into BỆNH_TC values('phế âm hư', 'ít đờm');
insert into BỆNH_TC values('phế âm hư', 'miệng khô họng ráo');
insert into BỆNH_TC values('phế âm hư', 'sốt về chiều');
insert into BỆNH_TC values('phế âm hư', 'chất lưỡi đỏ it rêu');
insert into BỆNH_TC values('phế âm hư', 'mạch tế sác');
insert into BỆNH_TC values('tỳ dương hư', 'ho nhiều');
insert into BỆNH_TC values('tỳ dương hư', 'đờm loãng dính');
insert into BỆNH_TC values('tỳ dương hư', 'sắc mặt vàng');
insert into BỆNH_TC values('tỳ dương hư', 'mệt mỏi');
insert into BỆNH_TC values('tỳ dương hư', 'ăn kém đầy bụng');
insert into BỆNH_TC values('tỳ dương hư', 'đại tện nhão nát');
insert into BỆNH_TC values('tỳ dương hư', 'có thể phù');
insert into BỆNH_TC values('tỳ dương hư', 'chất lưỡi nhợt');
insert into BỆNH_TC values('tỳ dương hư', 'rêu lưỡi trắng. mạch phù');
insert into BỆNH_TC values('tỳ dương hư', 'tế');
insert into BỆNH_TC values('tỳ dương hư', 'hoãn');
insert into BỆNH_TC values('tỳ dương hư', 'vô lực');
insert into BỆNH_TC values('thận dương hư', 'hơi thở ngắn gấp');
insert into BỆNH_TC values('thận dương hư', 'khi vận động bệnh tăng');
insert into BỆNH_TC values('thận dương hư', 'ho có đờm bọt');
insert into BỆNH_TC values('thận dương hư', 'đau lưng');
insert into BỆNH_TC values('thận dương hư', 'mỏi gối');
insert into BỆNH_TC values('thận dương hư', 'sợ lạnh');
insert into BỆNH_TC values('thận dương hư', 'mặt trắng');
insert into BỆNH_TC values('thận dương hư', 'tiểu tiện nhiều và trong');
insert into BỆNH_TC values('thận dương hư', 'rêu lưỡi trắng');
insert into BỆNH_TC values('thận dương hư', 'mạch trầm tế');
insert into BỆNH_TC values('thận dương hư', 'vô .lực');
insert into BỆNH_TC values('thận âm hư', 'thở ngắn gấp');
insert into BỆNH_TC values('thận âm hư', 'đờm có bọt');
insert into BỆNH_TC values('thận âm hư', 'đau lưng');
insert into BỆNH_TC values('thận âm hư', 'mỏi gối');
insert into BỆNH_TC values('thận âm hư', 'hoa mắt chóng mặt');
insert into BỆNH_TC values('thận âm hư', 'long bàn tay bàn chân nóng');
insert into BỆNH_TC values('thận âm hư', 'tiểu tiện vàng');
insert into BỆNH_TC values('thận âm hư', 'đại tiện táo');
insert into BỆNH_TC values('thận âm hư', 'lưỡi đỏ');
insert into BỆNH_TC values('thận âm hư', 'ít rêu');
insert into BỆNH_TC values('thận âm hư', 'mạch tế');
insert into BỆNH_TC values('thận âm hư', 'sác vô lực');
insert into BỆNH_TC values('nấc', 'nếu ngẫu nhiên mà bị nấc có khi không chữa cũng khỏi');
insert into BỆNH_TC values('nấc', 'nếu nấc kéo dài lien tục là bệnh lý');
insert into BỆNH_TC values('khí trệ', 'đau thượng vị từng cơn');
insert into BỆNH_TC values('khí trệ', 'lan ra cạnh sườn và sau lưng');
insert into BỆNH_TC values('khí trệ', 'bụng đầy chướng');
insert into BỆNH_TC values('khí trệ', 'ăn thấy đau');
insert into BỆNH_TC values('khí trệ', 'ợ hơi');
insert into BỆNH_TC values('khí trệ', 'ợ chua');
insert into BỆNH_TC values('khí trệ', 'chất lưỡi hơi đỏ');
insert into BỆNH_TC values('khí trệ', 'rêu lưỡi trắng hoặc vàng mỏng');
insert into BỆNH_TC values('khí trệ', 'mạch .huyền');
insert into BỆNH_TC values('hỏa uất', 'vùng thượng vị đau nhiều');
insert into BỆNH_TC values('hỏa uất', 'rát');
insert into BỆNH_TC values('hỏa uất', 'ấn thấy đau');
insert into BỆNH_TC values('hỏa uất', 'miệng khô đắng họng');
insert into BỆNH_TC values('hỏa uất', 'ợ chua');
insert into BỆNH_TC values('hỏa uất', 'chất lưỡi đỏ rêu lưỡi vàng');
insert into BỆNH_TC values('hỏa uất', 'mạch huyền sác');
insert into BỆNH_TC values('huyết ứ', 'thực chứng (thể cấp): đau dữ dội ở một vị trí nhất định');
insert into BỆNH_TC values('huyết ứ', 'có thể sờ thấy cục');
insert into BỆNH_TC values('huyết ứ', 'nôn ra máu');
insert into BỆNH_TC values('huyết ứ', 'đại tiện phân đen');
insert into BỆNH_TC values('huyết ứ', 'môi đỏ');
insert into BỆNH_TC values('huyết ứ', 'chất lưỡi đỏ');
insert into BỆNH_TC values('huyết ứ', 'rêu lưỡi vàng');
insert into BỆNH_TC values('huyết ứ', 'mạch huyền sác');
insert into BỆNH_TC values('huyết ứ', 'có lực');
insert into BỆNH_TC values('hư chứng (thể hoãn)', '');
insert into BỆNH_TC values('tỳ vị hư hàn', 'đau tức vùng thượng vị âm ỉ');
insert into BỆNH_TC values('tỳ vị hư hàn', 'nôn nhiều nước trong');
insert into BỆNH_TC values('tỳ vị hư hàn', 'thích xoa bóp và chườm nóng');
insert into BỆNH_TC values('tỳ vị hư hàn', 'đầy bụng');
insert into BỆNH_TC values('tỳ vị hư hàn', 'sợ lạnh');
insert into BỆNH_TC values('tỳ vị hư hàn', 'tay chân lạnh');
insert into BỆNH_TC values('tỳ vị hư hàn', 'đại tiện nát có lúc rắn');
insert into BỆNH_TC values('tỳ vị hư hàn', 'rêu lưỡi trắng');
insert into BỆNH_TC values('tỳ vị hư hàn', 'chất lưỡi nhợt');
insert into BỆNH_TC values('tỳ vị hư hàn', 'mạch tế vô lực (hư tế)');
insert into BỆNH_TC values('đau bụng cảm hàn', 'đau vùng bụng');
insert into BỆNH_TC values('đau bụng cảm hàn', 'đại tiện lỏng');
insert into BỆNH_TC values('đau bụng cảm hàn', 'tiểu tiện trong');
insert into BỆNH_TC values('đau bụng cảm hàn', 'thích ấm');
insert into BỆNH_TC values('đau bụng cảm hàn', 'rêu lưỡi trắng dày');
insert into BỆNH_TC values('đau bụng cảm hàn', 'mạch trầm');
insert into BỆNH_TC values('đau bụng do tỳ vị hư hàn', 'đau bụng âm ỉ lúc đau lúc không');
insert into BỆNH_TC values('đau bụng do tỳ vị hư hàn', 'thích xoa và chườm ấm');
insert into BỆNH_TC values('đau bụng do tỳ vị hư hàn', 'đại tiện lỏng');
insert into BỆNH_TC values('đau bụng do tỳ vị hư hàn', 'mạch trầm .tế');
insert into BỆNH_TC values('đau bụng do thực tích', 'đau bụng ấm ách');
insert into BỆNH_TC values('đau bụng do thực tích', 'ăn vào khó chịu');
insert into BỆNH_TC values('đau bụng do thực tích', 'không muốn ăn');
insert into BỆNH_TC values('đau bụng do thực tích', 'ợ hơi');
insert into BỆNH_TC values('đau bụng do thực tích', 'nước chua');
insert into BỆNH_TC values('đau bụng do thực tích', 'ấn bụng thấy đau rõ');
insert into BỆNH_TC values('đau bụng do trùng tích (giun)', 'đau bụng lúc đau lúc không');
insert into BỆNH_TC values('đau bụng do trùng tích (giun)', 'sờ thấy búi giun');
insert into BỆNH_TC values('đau bụng do trùng tích (giun)', 'người gầy xanh');
insert into BỆNH_TC values('đau bụng do trùng tích (giun)', 'có thể nôn ra giun. nếu nặng đau vùng sườn phải');
insert into BỆNH_TC values('đau bụng do trùng tích (giun)', 'có tư thế chống đau');
insert into BỆNH_TC values('đau bụng do khí trệ', 'đau bụng');
insert into BỆNH_TC values('đau bụng do khí trệ', 'bụng căng');
insert into BỆNH_TC values('đau bụng do khí trệ', 'trung tiện được thì đỡ');
insert into BỆNH_TC values('đau bụng do khí trệ', 'mạch huyền');
insert into BỆNH_TC values('đau bụng do huyết ứ', 'đau lâu');
insert into BỆNH_TC values('đau bụng do huyết ứ', 'chỗ đau buốt như kim châm');
insert into BỆNH_TC values('đau bụng do huyết ứ', 'điểm đau cố định');
insert into BỆNH_TC values('đau bụng do huyết ứ', 'sờ nắn đau tăng');
insert into BỆNH_TC values('đau bụng do huyết ứ', 'lưỡi có đốm xanh');
insert into BỆNH_TC values('đau bụng do huyết ứ', 'mạch .sác');
insert into BỆNH_TC values('ỉa chảy do hàn', 'lạnh bụng');
insert into BỆNH_TC values('ỉa chảy do hàn', 'phân kèm theo nhiều nước trong');
insert into BỆNH_TC values('ỉa chảy do hàn', 'ít thối sôi bụng');
insert into BỆNH_TC values('ỉa chảy do hàn', 'đau bụng');
insert into BỆNH_TC values('ỉa chảy do hàn', 'thích xoa');
insert into BỆNH_TC values('ỉa chảy do hàn', 'chườm ấm');
insert into BỆNH_TC values('ỉa chảy do hàn', 'người và chân tay mát lạnh');
insert into BỆNH_TC values('ỉa chảy do hàn', 'rêu lưỡi trắng mỏng');
insert into BỆNH_TC values('ỉa chảy do hàn', 'mạch trầm trì');
insert into BỆNH_TC values('ỉa chảy do nhiệt thử', 'ỉa lỏng');
insert into BỆNH_TC values('ỉa chảy do nhiệt thử', 'phân nhiều');
insert into BỆNH_TC values('ỉa chảy do nhiệt thử', 'vàng');
insert into BỆNH_TC values('ỉa chảy do nhiệt thử', 'thối khẳn');
insert into BỆNH_TC values('ỉa chảy do nhiệt thử', 'hhaauj môn nóng rát');
insert into BỆNH_TC values('ỉa chảy do nhiệt thử', 'người nóng miệng khát');
insert into BỆNH_TC values('ỉa chảy do nhiệt thử', 'thích uống nước lạnh');
insert into BỆNH_TC values('ỉa chảy do nhiệt thử', 'nước tiểu vàng xỉn');
insert into BỆNH_TC values('ỉa chảy do nhiệt thử', 'bụng đau muốn đi ngoài');
insert into BỆNH_TC values('ỉa chảy do nhiệt thử', 'rêu lưỡi dày vàng');
insert into BỆNH_TC values('ỉa chảy do nhiệt thử', 'mạch huyền sác');
insert into BỆNH_TC values('ỉa chảy do thấp trệ (?)', 'phân lẫn nước');
insert into BỆNH_TC values('ỉa chảy do thấp trệ (?)', 'sôi bụng');
insert into BỆNH_TC values('ỉa chảy do thấp trệ (?)', 'ngực bụng đầy');
insert into BỆNH_TC values('ỉa chảy do thấp trệ (?)', 'người có cảm giác nặng nề');
insert into BỆNH_TC values('ỉa chảy do thấp trệ (?)', 'rêu lưỡi dày nhờn');
insert into BỆNH_TC values('ỉa chảy do thấp trệ (?)', 'mạch nhu tế hoãn');
insert into BỆNH_TC values('tỳ hư', 'ỉa chảy kéo dài');
insert into BỆNH_TC values('tỳ hư', 'phân sống và nát');
insert into BỆNH_TC values('tỳ hư', 'ăn kém bụng hơi chướng sau khi ăn');
insert into BỆNH_TC values('tỳ hư', 'người mệt mỏi sắc mặt vàng nhợt');
insert into BỆNH_TC values('tỳ hư', 'chất lưỡi nhợt. mạch nhu hoãn hư tế');
insert into BỆNH_TC values('thận dương hư (mệnh môn hỏa suy)', 'sôi bụng');
insert into BỆNH_TC values('thận dương hư (mệnh môn hỏa suy)', 'đau vùng hạ vị');
insert into BỆNH_TC values('thận dương hư (mệnh môn hỏa suy)', 'bụng lạnh chướng');
insert into BỆNH_TC values('thận dương hư (mệnh môn hỏa suy)', 'phân sống');
insert into BỆNH_TC values('thận dương hư (mệnh môn hỏa suy)', 'ăn kém');
insert into BỆNH_TC values('thận dương hư (mệnh môn hỏa suy)', 'chậm tiêu');
insert into BỆNH_TC values('thận dương hư (mệnh môn hỏa suy)', 'tay chân lạnh');
insert into BỆNH_TC values('thận dương hư (mệnh môn hỏa suy)', 'mach trầm tế vô lực');
insert into BỆNH_TC values('ỉa chảy mãn do can tỳ bất hỏa', 'quá giận giữ');
insert into BỆNH_TC values('ỉa chảy mãn do can tỳ bất hỏa', 'suy nghĩ bị kích động sẽ dẫn đến ỉa chảy');
insert into BỆNH_TC values('ỉa chảy mãn do can tỳ bất hỏa', 'đày bụng');
insert into BỆNH_TC values('ỉa chảy mãn do can tỳ bất hỏa', 'đau bụng');
insert into BỆNH_TC values('ỉa chảy mãn do can tỳ bất hỏa', 'ngực sườn đầy tức');
insert into BỆNH_TC values('ỉa chảy mãn do can tỳ bất hỏa', 'ợ hơi');
insert into BỆNH_TC values('ỉa chảy mãn do can tỳ bất hỏa', 'ăn kém mạch huyền');
insert into BỆNH_TC values('lị do hàn thấp (bạch lị)', 'đại tiện ra nhiều chất nhầy');
insert into BỆNH_TC values('lị do hàn thấp (bạch lị)', 'ít máu');
insert into BỆNH_TC values('lị do hàn thấp (bạch lị)', 'đau bụng liên miên');
insert into BỆNH_TC values('lị do hàn thấp (bạch lị)', 'mót rặn');
insert into BỆNH_TC values('lị do hàn thấp (bạch lị)', 'rêu lưỡi trắng dày. mạch nhu hoãn');
insert into BỆNH_TC values('lị do hàn thấp (bạch lị)', '(thường gặp ở lị a míp bán cấp)');
insert into BỆNH_TC values('lị do thấp  nhiệt (xích bạch lị)', 'đau quặn bụng');
insert into BỆNH_TC values('lị do thấp  nhiệt (xích bạch lị)', 'mót rặn nhiều');
insert into BỆNH_TC values('lị do thấp  nhiệt (xích bạch lị)', 'đại tiện ra máu mũi');
insert into BỆNH_TC values('lị do thấp  nhiệt (xích bạch lị)', 'có sốt');
insert into BỆNH_TC values('lị do thấp  nhiệt (xích bạch lị)', 'sợ lạnh');
insert into BỆNH_TC values('lị do thấp  nhiệt (xích bạch lị)', 'miệng khô đắng dính');
insert into BỆNH_TC values('lị do thấp  nhiệt (xích bạch lị)', 'tiểu tiện đỏ ít. mạch hoạt hoặc nhu sác ( thường gặp ở lị a míp)');
insert into BỆNH_TC values('lị do dịch độc (xích lị)', 'bệnh phát đột ngột');
insert into BỆNH_TC values('lị do dịch độc (xích lị)', 'đại tiện ra máu nhiều');
insert into BỆNH_TC values('lị do dịch độc (xích lị)', 'sốt cao vật và');
insert into BỆNH_TC values('lị do dịch độc (xích lị)', 'rêu lưỡi vàng dày');
insert into BỆNH_TC values('lị do dịch độc (xích lị)', 'mạch tế sác. nếu nặng có triệu chứng nhiễm độc thần kinh');
insert into BỆNH_TC values('lị do dịch độc (xích lị)', 'hôn mê');
insert into BỆNH_TC values('lị do dịch độc (xích lị)', 'co giật hoặc trụy mạch (thường gặp ở lị trực khuẩn)');
insert into BỆNH_TC values('lị cấm khẩu', 'lị kiêm sốt cao');
insert into BỆNH_TC values('lị cấm khẩu', 'không ăn uống được hoặc ăn vòa nôn ran gay');
insert into BỆNH_TC values('lị mãn tính (hưu tức lị)', 'bệnh lị kéo dài');
insert into BỆNH_TC values('lị mãn tính (hưu tức lị)', 'hay tái phát');
insert into BỆNH_TC values('lị mãn tính (hưu tức lị)', 'ăn uống không cẩn thận');
insert into BỆNH_TC values('lị mãn tính (hưu tức lị)', 'hoặc bị lạnh bệnh tái phát');
insert into BỆNH_TC values('lị mãn tính (hưu tức lị)', 'đại tiện lúc lỏng lúc táo');
insert into BỆNH_TC values('lị mãn tính (hưu tức lị)', 'lúc kèm máu mũi');
insert into BỆNH_TC values('lị mãn tính (hưu tức lị)', 'đau bụng âm ỉ');
insert into BỆNH_TC values('lị mãn tính (hưu tức lị)', 'thích chườm nóng xoa bóp');
insert into BỆNH_TC values('lị mãn tính (hưu tức lị)', 'sợ lạnh');
insert into BỆNH_TC values('lị mãn tính (hưu tức lị)', 'sắc mặt xanh');
insert into BỆNH_TC values('lị mãn tính (hưu tức lị)', 'vàng');
insert into BỆNH_TC values('lị mãn tính (hưu tức lị)', 'rêu lưỡi trắng. mách tế nhược nhu hoãn');
insert into BỆNH_TC values('thực chứng', 'bụng đầy tức');
insert into BỆNH_TC values('thực chứng', 'miệng khát');
insert into BỆNH_TC values('thực chứng', 'môi khô');
insert into BỆNH_TC values('thực chứng', 'đại tiện táo kết');
insert into BỆNH_TC values('thực chứng', 'miệng thở hơi nóng');
insert into BỆNH_TC values('thực chứng', 'rêu lưỡi dày vàng và khô');
insert into BỆNH_TC values('thực chứng', 'mạch sác. nếu do khí trệ them bụng chướng đau');
insert into BỆNH_TC values('thực chứng', 'nôn ọe.');
insert into BỆNH_TC values('táo bón do âm hư huyết nhiệt (?)', 'họng hô');
insert into BỆNH_TC values('táo bón do âm hư huyết nhiệt (?)', 'miệng khô');
insert into BỆNH_TC values('táo bón do âm hư huyết nhiệt (?)', 'háo khát');
insert into BỆNH_TC values('táo bón do âm hư huyết nhiệt (?)', 'hay cáu gắt');
insert into BỆNH_TC values('táo bón do âm hư huyết nhiệt (?)', 'lưỡi đỏ có rêu');
insert into BỆNH_TC values('táo bón do âm hư huyết nhiệt (?)', 'có thể do một bệnh mãn tính khác gây ra');
insert into BỆNH_TC values('táo bón do âm hư huyết nhiệt (?)', 'mạch huyền');
insert into BỆNH_TC values('táo bón do âm hư huyết nhiệt (?)', 'tế');
insert into BỆNH_TC values('táo bón do âm hư huyết nhiệt (?)', 'sác.');
insert into BỆNH_TC values('táo bón do dương khí hư (ở người già, suy nhược, phụ nữ đẻ nhiều lần)', 'cơ nhapx');
insert into BỆNH_TC values('táo bón do dương khí hư (ở người già, suy nhược, phụ nữ đẻ nhiều lần)', 'táo bón');
insert into BỆNH_TC values('táo bón do dương khí hư (ở người già, suy nhược, phụ nữ đẻ nhiều lần)', 'đầy bụng');
insert into BỆNH_TC values('táo bón do dương khí hư (ở người già, suy nhược, phụ nữ đẻ nhiều lần)', 'chậm tiêu');
insert into BỆNH_TC values('táo bón do dương khí hư (ở người già, suy nhược, phụ nữ đẻ nhiều lần)', 'ăn kém ợ hơi. ngươig già them lưng gối mỏi đau');
insert into BỆNH_TC values('táo bón do dương khí hư (ở người già, suy nhược, phụ nữ đẻ nhiều lần)', 'mạch trầm tế vô lực');
insert into BỆNH_TC values('thực chứng (thường gặp ở những người trẻ tuổi)', 'đại tiện táo bón phải rặn nhiều');
insert into BỆNH_TC values('thực chứng (thường gặp ở những người trẻ tuổi)', 'sắc mặt đỏ');
insert into BỆNH_TC values('thực chứng (thường gặp ở những người trẻ tuổi)', 'người khỏe');
insert into BỆNH_TC values('thực chứng (thường gặp ở những người trẻ tuổi)', 'tiêng nói to');
insert into BỆNH_TC values('thực chứng (thường gặp ở những người trẻ tuổi)', 'mạch sác');
insert into BỆNH_TC values('hư chứng (ngươig già yếu, trẻ em khí hư)', 'sau khi kiết lị nhiều lần');
insert into BỆNH_TC values('hư chứng (ngươig già yếu, trẻ em khí hư)', 'người yêys sắc mặt xanh nhợt. tiếng nói nhỏ');
insert into BỆNH_TC values('hư chứng (ngươig già yếu, trẻ em khí hư)', 'mạch trầm tế');
insert into BỆNH_TC values('nhiêm khuẩn đường tiết niệu', 'tiểu tiện ít');
insert into BỆNH_TC values('nhiêm khuẩn đường tiết niệu', 'buốt');
insert into BỆNH_TC values('nhiêm khuẩn đường tiết niệu', 'rắt có kèm triệu chứng nhiễm khuẩn nhẹ. khát nước');
insert into BỆNH_TC values('nhiêm khuẩn đường tiết niệu', 'sốt');
insert into BỆNH_TC values('nhiêm khuẩn đường tiết niệu', 'đắng miệng');
insert into BỆNH_TC values('nhiêm khuẩn đường tiết niệu', 'rêu lưỡi vàng');
insert into BỆNH_TC values('nhiêm khuẩn đường tiết niệu', 'chất lưỡi đỏ');
insert into BỆNH_TC values('nhiêm khuẩn đường tiết niệu', 'mạch sác');
insert into BỆNH_TC values('sỏi đường tiết niệu, sang chấn (có thể dung cho hậu phẫu)', 'căng tức đau vùng hạ vị dữ dội');
insert into BỆNH_TC values('sỏi đường tiết niệu, sang chấn (có thể dung cho hậu phẫu)', 'đái ra máu');
insert into BỆNH_TC values('sỏi đường tiết niệu, sang chấn (có thể dung cho hậu phẫu)', 'có thể không tiểu tiện được');
insert into BỆNH_TC values('sỏi đường tiết niệu, sang chấn (có thể dung cho hậu phẫu)', 'mạch trầm sác');
insert into BỆNH_TC values('phế khí không giáng (?)', 'các triệu chứng bí tiểu tiện kèm ngực đầy hơi ho suyễn');
insert into BỆNH_TC values('do thận hư (hay gặp ở người già)', 'đi tiểu tiện từng giọt');
insert into BỆNH_TC values('do thận hư (hay gặp ở người già)', 'không hết');
insert into BỆNH_TC values('do thận hư (hay gặp ở người già)', 'rặn kém');
insert into BỆNH_TC values('do thận hư (hay gặp ở người già)', 'nặng hơn thì bí tiểu tiện');
insert into BỆNH_TC values('do thận hư (hay gặp ở người già)', 'sắc mặt trắng nhợt');
insert into BỆNH_TC values('do thận hư (hay gặp ở người già)', 'toàn than yếu');
insert into BỆNH_TC values('do thận hư (hay gặp ở người già)', 'lưng gối mpir');
insert into BỆNH_TC values('do thận hư (hay gặp ở người già)', 'sợ lạnh');
insert into BỆNH_TC values('do thận hư (hay gặp ở người già)', 'chân tay lạnh');
insert into BỆNH_TC values('do thận hư (hay gặp ở người già)', 'có thể phù');
insert into BỆNH_TC values('do thận hư (hay gặp ở người già)', 'mạch trầm tế.');
insert into BỆNH_TC values('phụ nữ có mang bí tiểu', 'phụ nữ có mang bí tiểu có triệu chứng gần như của than khí hư');
insert into BỆNH_TC values('đau lưng do hàn thấp', 'đau đột ngột sau khi bị lạnh');
insert into BỆNH_TC values('đau lưng do hàn thấp', 'mưa');
insert into BỆNH_TC values('đau lưng do hàn thấp', 'ẩm');
insert into BỆNH_TC values('đau lưng do hàn thấp', 'thấp');
insert into BỆNH_TC values('đau lưng do hàn thấp', 'đau nhiều không cúi');
insert into BỆNH_TC values('đau lưng do hàn thấp', 'ngửa được');
insert into BỆNH_TC values('đau lưng do hàn thấp', 'ho và trở mình cũng đau');
insert into BỆNH_TC values('đau lưng do hàn thấp', 'thường đau một bên');
insert into BỆNH_TC values('đau lưng do hàn thấp', 'ấn các cơ sống lưng');
insert into BỆNH_TC values('đau lưng do hàn thấp', 'bên đau co cứng');
insert into BỆNH_TC values('đau lưng do hàn thấp', 'mạch trầm huyền');
insert into BỆNH_TC values('đau lưng cấp do chấn thương, huyết ứ', 'sau khi mang vác nặng lệch người');
insert into BỆNH_TC values('đau lưng cấp do chấn thương, huyết ứ', 'hoặc sau một đọng tác thay đổi tư thế đột nhiên bị đau một bên sống lưng');
insert into BỆNH_TC values('đau lưng cấp do chấn thương, huyết ứ', 'đau dữ dọiowr một chỗ');
insert into BỆNH_TC values('đau lưng cấp do chấn thương, huyết ứ', 'có thể lan xuống chân');
insert into BỆNH_TC values('đau lưng cấp do chấn thương, huyết ứ', 'vận đọng hạn chế');
insert into BỆNH_TC values('đau lưng cấp do chấn thương, huyết ứ', 'nhiều khi không cúi đi lại được');
insert into BỆNH_TC values('đau lưng cấp do chấn thương, huyết ứ', 'cơ co cứng');
insert into BỆNH_TC values('đau lưng do thận hư', 'bệnh phát từ từ');
insert into BỆNH_TC values('đau lưng do thận hư', 'đau âm ỉ');
insert into BỆNH_TC values('đau lưng do thận hư', 'thường mỏi');
insert into BỆNH_TC values('đau lưng do thận hư', 'ê ẩm sau giao hợp');
insert into BỆNH_TC values('đau lưng do thận hư', 'hoặc làm việc');
insert into BỆNH_TC values('đau lưng do thận hư', 'đấm lưng thấy dễ chịu');
insert into BỆNH_TC values('do phong hàn', 'đau vùng thắt lưng');
insert into BỆNH_TC values('do phong hàn', 'lan xuống mông');
insert into BỆNH_TC values('do phong hàn', 'đùi');
insert into BỆNH_TC values('do phong hàn', 'cẳng chân');
insert into BỆNH_TC values('do phong hàn', 'đi lại khó khăn');
insert into BỆNH_TC values('do phong hàn', 'chưa teo cơ');
insert into BỆNH_TC values('do phong hàn', 'toàn than sợ lạnh');
insert into BỆNH_TC values('do phong hàn', 'rêu lưỡi trắng');
insert into BỆNH_TC values('do phong hàn', 'mạch phù');
insert into BỆNH_TC values('thoái hóa cột sống gây chèn ép', 'đau vùng thắt lưng cùng');
insert into BỆNH_TC values('thoái hóa cột sống gây chèn ép', 'lan xuống chân dọc đường đi của dây lưng');
insert into BỆNH_TC values('thoái hóa cột sống gây chèn ép', 'teo cơ');
insert into BỆNH_TC values('thoái hóa cột sống gây chèn ép', 'bệnh kéo dài dễ tái phát');
insert into BỆNH_TC values('thoái hóa cột sống gây chèn ép', 'thường kèm triệu chứng toàn thân');
insert into BỆNH_TC values('thoái hóa cột sống gây chèn ép', 'ăn ngủ kém');
insert into BỆNH_TC values('thoái hóa cột sống gây chèn ép', 'sút cân');
insert into BỆNH_TC values('thoái hóa cột sống gây chèn ép', 'mạch trầm nhược');
insert into BỆNH_TC values('thoái hóa cột sống gây chèn ép', 'nhu hoãn');
insert into BỆNH_TC values('can khí uất nghịch', 'đau một hoặc hai bên sườn');
insert into BỆNH_TC values('can khí uất nghịch', 'có cảm giác đầy tức khí đưa lên khó chịu');
insert into BỆNH_TC values('can khí uất nghịch', 'nôn ọe');
insert into BỆNH_TC values('can khí uất nghịch', 'người dễ cáu gắt');
insert into BỆNH_TC values('can khí uất nghịch', 'mạch huyền');
insert into BỆNH_TC values('đờm ẩm', 'sườn ngực đau tức');
insert into BỆNH_TC values('đờm ẩm', 'ho');
insert into BỆNH_TC values('đờm ẩm', 'khát');
insert into BỆNH_TC values('đờm ẩm', 'nhiều đờm');
insert into BỆNH_TC values('đờm ẩm', 'mạch khẩn hoạt. nếu đau lien mien');
insert into BỆNH_TC values('đờm ẩm', 'mạch khẩn là do hàn thấp (?)');
insert into BỆNH_TC values('ứ huyết', 'điểm đau cố định');
insert into BỆNH_TC values('ứ huyết', 'buốt như kim châm');
insert into BỆNH_TC values('ứ huyết', 'đêm nặng hơn');
insert into BỆNH_TC values('ứ huyết', 'có thể đau lan ra cả lưng');
insert into BỆNH_TC values('ứ huyết', 'ngực');
insert into BỆNH_TC values('ứ huyết', 'mạch sác');
insert into BỆNH_TC values('vẹo cổ cấp', 'đột nhiên vai gáy cứng đau');
insert into BỆNH_TC values('vẹo cổ cấp', 'cơ cổ (cơ ức đòn chũm (?)');
insert into BỆNH_TC values('vẹo cổ cấp', 'cơ thang (?)) co rút gây đau');
insert into BỆNH_TC values('vẹo cổ cấp', 'cổ quay khó. toàn than sợ lạnh');
insert into BỆNH_TC values('vẹo cổ cấp', 'rêu lưỡi trắng');
insert into BỆNH_TC values('vẹo cổ cấp', 'mạch phù');
insert into BỆNH_TC values('chứng hư ( hàn)', 'người xanh');
insert into BỆNH_TC values('chứng hư ( hàn)', 'đau âm ỉ');
insert into BỆNH_TC values('chứng hư ( hàn)', 'liên miên');
insert into BỆNH_TC values('chứng hư ( hàn)', 'ưa xoa bóp');
insert into BỆNH_TC values('chứng hư ( hàn)', 'chườm nóng');
insert into BỆNH_TC values('chứng hư ( hàn)', 'mạch hoãn nhược');
insert into BỆNH_TC values('chứng thực (nhiệt)', 'đau  từng cơn');
insert into BỆNH_TC values('chứng thực (nhiệt)', 'ấn bóp khó chịu');
insert into BỆNH_TC values('chứng thực (nhiệt)', 'người bứt dứt');
insert into BỆNH_TC values('chứng thực (nhiệt)', 'sợ nóng');
insert into BỆNH_TC values('chứng thực (nhiệt)', 'thích mát');
insert into BỆNH_TC values('chứng thực (nhiệt)', 'mạch sác');
insert into BỆNH_TC values('phong tý (hành tý)', 'vị trí đau di chuyển ở các khớp');
insert into BỆNH_TC values('phong tý (hành tý)', 'sợ gió');
insert into BỆNH_TC values('phong tý (hành tý)', 'rêu lưỡi trắng');
insert into BỆNH_TC values('phong tý (hành tý)', 'mạch phù');
insert into BỆNH_TC values('hàn tý (thống tý)', 'đau dữ dội ở một khớp');
insert into BỆNH_TC values('hàn tý (thống tý)', 'trời lạnh đau tăng');
insert into BỆNH_TC values('hàn tý (thống tý)', 'ưa chườm nóng');
insert into BỆNH_TC values('hàn tý (thống tý)', 'chân tay lạnh');
insert into BỆNH_TC values('hàn tý (thống tý)', 'sợ lạnh');
insert into BỆNH_TC values('hàn tý (thống tý)', 'rêu lưỡi trắng');
insert into BỆNH_TC values('hàn tý (thống tý)', 'mạch huyền');
insert into BỆNH_TC values('hàn tý (thống tý)', 'khẩn hoặc nhu');
insert into BỆNH_TC values('hàn tý (thống tý)', 'hoãn');
insert into BỆNH_TC values('thấp tý (trước tý)', 'đau ê ẩm');
insert into BỆNH_TC values('thấp tý (trước tý)', 'nhức mỏi');
insert into BỆNH_TC values('thấp tý (trước tý)', 'cơ khớp  nặng nề');
insert into BỆNH_TC values('thấp tý (trước tý)', 'tê bì');
insert into BỆNH_TC values('thấp tý (trước tý)', 'cử động khó');
insert into BỆNH_TC values('thấp tý (trước tý)', 'thường gặp ở chi dưới');
insert into BỆNH_TC values('thấp tý (trước tý)', 'thắt lưng');
insert into BỆNH_TC values('thấp tý (trước tý)', 'miệng nhạt');
insert into BỆNH_TC values('thấp tý (trước tý)', 'rêu lưỡi trắng dính');
insert into BỆNH_TC values('thấp tý (trước tý)', 'mạch nhu hoãn');
insert into BỆNH_TC values('viêm khớp dạng thấp (phong thấp nhiệt tý )', 'các khớp sưng nóng đỏ đau');
insert into BỆNH_TC values('viêm khớp dạng thấp (phong thấp nhiệt tý )', 'ấn thấy đau');
insert into BỆNH_TC values('viêm khớp dạng thấp (phong thấp nhiệt tý )', 'ngày nhẹ');
insert into BỆNH_TC values('viêm khớp dạng thấp (phong thấp nhiệt tý )', 'đêm nặng');
insert into BỆNH_TC values('viêm khớp dạng thấp (phong thấp nhiệt tý )', 'co duỗi cử động khó');
insert into BỆNH_TC values('viêm khớp dạng thấp (phong thấp nhiệt tý )', 'sốt ra mồ hôi');
insert into BỆNH_TC values('viêm khớp dạng thấp (phong thấp nhiệt tý )', 'sợ gió');
insert into BỆNH_TC values('viêm khớp dạng thấp (phong thấp nhiệt tý )', 'rêu lưỡi vàng mỏng');
insert into BỆNH_TC values('viêm khớp dạng thấp (phong thấp nhiệt tý )', 'chất lưỡi đỏ');
insert into BỆNH_TC values('viêm khớp dạng thấp (phong thấp nhiệt tý )', 'tiểu tiện vàng');
insert into BỆNH_TC values('viêm khớp dạng thấp (phong thấp nhiệt tý )', 'mạch hoạt sác');
insert into BỆNH_TC values('can tâm khí uất kết', 'tinh thần uất ức');
insert into BỆNH_TC values('can tâm khí uất kết', 'phiền muộn');
insert into BỆNH_TC values('can tâm khí uất kết', 'bụng chướng đầy hơi');
insert into BỆNH_TC values('can tâm khí uất kết', 'ăn kém');
insert into BỆNH_TC values('can tâm khí uất kết', 'rêu lưỡi trắng');
insert into BỆNH_TC values('can tâm khí uất kết', 'mạch huyền');
insert into BỆNH_TC values('thận âm hư, can dương vượng', 'đầu váng');
insert into BỆNH_TC values('thận âm hư, can dương vượng', 'nặng căng');
insert into BỆNH_TC values('thận âm hư, can dương vượng', 'hoa mắt chóng mặt');
insert into BỆNH_TC values('thận âm hư, can dương vượng', 'nhức đầu ù tai');
insert into BỆNH_TC values('thận âm hư, can dương vượng', 'hay quên');
insert into BỆNH_TC values('thận âm hư, can dương vượng', 'hồi hộp');
insert into BỆNH_TC values('thận âm hư, can dương vượng', 'dễ xúc động');
insert into BỆNH_TC values('thận âm hư, can dương vượng', 'ngủ ít');
insert into BỆNH_TC values('thận âm hư, can dương vượng', 'hay mê. miệng khô');
insert into BỆNH_TC values('thận âm hư, can dương vượng', 'họng khô');
insert into BỆNH_TC values('thận âm hư, can dương vượng', 'người hay bừng nóng');
insert into BỆNH_TC values('thận âm hư, can dương vượng', 'có thể táo bón');
insert into BỆNH_TC values('thận âm hư, can dương vượng', 'nước tiểu vàng đỏ');
insert into BỆNH_TC values('thận âm hư, can dương vượng', 'mạch huyền tế');
insert into BỆNH_TC values('thận âm hư, can dương vượng', 'sác');
insert into BỆNH_TC values('tâm canthận âm hư', 'đau mỏi lưng');
insert into BỆNH_TC values('tâm canthận âm hư', 'ù tai');
insert into BỆNH_TC values('tâm canthận âm hư', 'di tinh');
insert into BỆNH_TC values('tâm canthận âm hư', 'ngủ ít');
insert into BỆNH_TC values('tâm canthận âm hư', 'hồi hjoopj nhức đầu');
insert into BỆNH_TC values('tâm canthận âm hư', 'nước tiểu trong');
insert into BỆNH_TC values('tâm canthận âm hư', 'đại tiện ít');
insert into BỆNH_TC values('tâm canthận âm hư', 'táo');
insert into BỆNH_TC values('tâm canthận âm hư', 'miệng ít khô');
insert into BỆNH_TC values('tâm canthận âm hư', 'mạch tế (hoãn)');
insert into BỆNH_TC values('tâm tỳ hư', 'ngủ ít');
insert into BỆNH_TC values('tâm tỳ hư', 'mê mộng nhiều');
insert into BỆNH_TC values('tâm tỳ hư', 'dễ hoảng sợ');
insert into BỆNH_TC values('tâm tỳ hư', 'ăn kém ngắn hơi');
insert into BỆNH_TC values('tâm tỳ hư', 'sụt cân người mệt mỏi. hai mắt thâm quầng');
insert into BỆNH_TC values('tâm tỳ hư', 'rêu lưỡi trắng');
insert into BỆNH_TC values('tâm tỳ hư', 'mạch nhu tế hoãn');
insert into BỆNH_TC values('thận khí hư (âm dương lưỡng hư)', 'sắc mặt trắng');
insert into BỆNH_TC values('thận khí hư (âm dương lưỡng hư)', 'đau đầu');
insert into BỆNH_TC values('thận khí hư (âm dương lưỡng hư)', 'mất ngủ');
insert into BỆNH_TC values('thận khí hư (âm dương lưỡng hư)', 'liệt dương');
insert into BỆNH_TC values('thận khí hư (âm dương lưỡng hư)', 'di tinh');
insert into BỆNH_TC values('thận khí hư (âm dương lưỡng hư)', 'xuất tinh sớm khi giao hợp');
insert into BỆNH_TC values('thận khí hư (âm dương lưỡng hư)', 'đau mỏi lưng');
insert into BỆNH_TC values('thận khí hư (âm dương lưỡng hư)', 'chân tay lạnh');
insert into BỆNH_TC values('thận khí hư (âm dương lưỡng hư)', 'sợ lạnh');
insert into BỆNH_TC values('thận khí hư (âm dương lưỡng hư)', 'ngủ ít');
insert into BỆNH_TC values('thận khí hư (âm dương lưỡng hư)', 'tiểu tiện trong dài');
insert into BỆNH_TC values('thận khí hư (âm dương lưỡng hư)', 'nhiều lần');
insert into BỆNH_TC values('thận khí hư (âm dương lưỡng hư)', 'mạch trầm tế vô lực');
insert into BỆNH_TC values('mất ngủ do tâm huyết hư tổn', 'đêm không ngủ được hoặc chỉ ngỉ lơ mơ');
insert into BỆNH_TC values('mất ngủ do tâm huyết hư tổn', 'chime bao sợ hãi');
insert into BỆNH_TC values('mất ngủ do tâm huyết hư tổn', 'tỉnh dậy không ngủ tiếp được nữa');
insert into BỆNH_TC values('mất ngủ do tâm huyết hư tổn', 'mạch phù sác');
insert into BỆNH_TC values('mất ngủ do tâm thận bất giao', 'người buồn bực');
insert into BỆNH_TC values('mất ngủ do tâm thận bất giao', 'hồi hộp');
insert into BỆNH_TC values('mất ngủ do tâm thận bất giao', 'chóng mặt đau đầu');
insert into BỆNH_TC values('mất ngủ do tâm thận bất giao', 'mộng mị');
insert into BỆNH_TC values('mất ngủ do tâm thận bất giao', 'di tinh');
insert into BỆNH_TC values('mất ngủ do tâm thận bất giao', 'mạch tế sác');
insert into BỆNH_TC values('mất ngủ do tỳ vị bất hòa', 'ngực bụng đầy tức');
insert into BỆNH_TC values('mất ngủ do tỳ vị bất hòa', 'ho đờm');
insert into BỆNH_TC values('mất ngủ do tỳ vị bất hòa', 'có lúc buồn nôn');
insert into BỆNH_TC values('mất ngủ do tỳ vị bất hòa', 'đại tiện không đều');
insert into BỆNH_TC values('mất ngủ do tỳ vị bất hòa', 'mạch hoạt');
insert into BỆNH_TC values('thực chứng', 'hay cáu gắt');
insert into BỆNH_TC values('thực chứng', 'đầu váng');
insert into BỆNH_TC values('thực chứng', 'nặng');
insert into BỆNH_TC values('thực chứng', 'căng');
insert into BỆNH_TC values('thực chứng', 'đắng miệng');
insert into BỆNH_TC values('thực chứng', 'mạch huyền sác');
insert into BỆNH_TC values('hư chứng', 'quá suy nghĩ');
insert into BỆNH_TC values('hư chứng', 'hồi hộp');
insert into BỆNH_TC values('hư chứng', 'không ngủ được');
insert into BỆNH_TC values('hư chứng', 'mạch huyền hoãn');
insert into BỆNH_TC values('hư chứng', 'vô lực');
insert into BỆNH_TC values('ngoại cảm phong tà', 'sốt 38-40 độ');
insert into BỆNH_TC values('ngoại cảm phong tà', 'ghê rét');
insert into BỆNH_TC values('ngoại cảm phong tà', 'sổ mũi');
insert into BỆNH_TC values('ngoại cảm phong tà', 'ngạt mũi');
insert into BỆNH_TC values('ngoại cảm phong tà', 'ho');
insert into BỆNH_TC values('ngoại cảm phong tà', 'tiếng nặng');
insert into BỆNH_TC values('ngoại cảm phong tà', 'đau mình');
insert into BỆNH_TC values('ngoại cảm phong tà', 'mạch phù (phù khẩn là phong hàn');
insert into BỆNH_TC values('ngoại cảm phong tà', 'phù sác là phong nhiệt)');
insert into BỆNH_TC values('đờm trọc thực tích (?)', 'buồn nôn');
insert into BỆNH_TC values('đờm trọc thực tích (?)', 'bụng đầy ấm ách');
insert into BỆNH_TC values('đờm trọc thực tích (?)', 'ợ chua');
insert into BỆNH_TC values('đờm trọc thực tích (?)', 'táo bón');
insert into BỆNH_TC values('đờm trọc thực tích (?)', 'mạch trầm hoạt');
insert into BỆNH_TC values('can khí thượng nghịch (?)', 'đau cạnh sườn');
insert into BỆNH_TC values('can khí thượng nghịch (?)', 'đau đầu');
insert into BỆNH_TC values('can khí thượng nghịch (?)', 'hoa mắt chóng mặt');
insert into BỆNH_TC values('can khí thượng nghịch (?)', 'mạch huyền');
insert into BỆNH_TC values('khí hư', 'lúc đau');
insert into BỆNH_TC values('khí hư', 'lúc không');
insert into BỆNH_TC values('khí hư', 'khi căng thẳng suy nghĩ quá độ thì bệnh tăng');
insert into BỆNH_TC values('khí hư', 'người mệt mỏi');
insert into BỆNH_TC values('khí hư', 'hơi ngắn');
insert into BỆNH_TC values('khí hư', 'mạch hư');
insert into BỆNH_TC values('huyết hư', 'đau âm ỉ cả ngày');
insert into BỆNH_TC values('huyết hư', 'mạch tế');
insert into BỆNH_TC values('đau dây thần kinh tam thoa', 'có từng cơn đau làm cơ mặt co rút');
insert into BỆNH_TC values('đau dây thần kinh tam thoa', 'da hồng lên');
insert into BỆNH_TC values('đau dây thần kinh tam thoa', 'chảy nước mắt');
insert into BỆNH_TC values('đau dây thần kinh tam thoa', 'nước dãi. cơn có thể kéo dài nột vài dây đến một vài phút');
insert into BỆNH_TC values('đau dây thần kinh tam thoa', '. mỗi ngày có thể có vài cơn. nếu sờ vào một số điểm ấn đau ở mặt có thể làm cơn đau phát ra');
insert into BỆNH_TC values('can phong', 'hoa mắt');
insert into BỆNH_TC values('can phong', 'chóng mặt');
insert into BỆNH_TC values('can phong', 'ù tai');
insert into BỆNH_TC values('can phong', 'miệng khô');
insert into BỆNH_TC values('can phong', 'buồn nôn');
insert into BỆNH_TC values('can phong', 'miệng đắng');
insert into BỆNH_TC values('can phong', 'dễ cáu gắt');
insert into BỆNH_TC values('can phong', 'đầu lưỡi đỏ. mạch huyền');
insert into BỆNH_TC values('can phong', 'tế');
insert into BỆNH_TC values('can phong', 'sác');
insert into BỆNH_TC values('đờm thấp (?)', 'người béo bệu');
insert into BỆNH_TC values('đờm thấp (?)', 'chóng mặt hoa mắt');
insert into BỆNH_TC values('đờm thấp (?)', 'lợm giọng buồn nôn');
insert into BỆNH_TC values('đờm thấp (?)', 'hồi hộp');
insert into BỆNH_TC values('đờm thấp (?)', 'ngủ hay mê');
insert into BỆNH_TC values('đờm thấp (?)', 'kém ăn');
insert into BỆNH_TC values('đờm thấp (?)', 'khạc có đờm');
insert into BỆNH_TC values('đờm thấp (?)', 'miệng nhạt');
insert into BỆNH_TC values('đờm thấp (?)', 'chất lưỡi bệu');
insert into BỆNH_TC values('đờm thấp (?)', 'rêu lưỡi dính');
insert into BỆNH_TC values('đờm thấp (?)', 'mạch hoạt');
insert into BỆNH_TC values('huyết hư', 'sắc mặt xanh hoặc vàng úa');
insert into BỆNH_TC values('huyết hư', 'hồi hộp');
insert into BỆNH_TC values('huyết hư', 'ngủ ít');
insert into BỆNH_TC values('huyết hư', 'mệt mỏi');
insert into BỆNH_TC values('huyết hư', 'hay quên');
insert into BỆNH_TC values('huyết hư', 'ăn kém');
insert into BỆNH_TC values('huyết hư', 'chất lưỡi nhợt');
insert into BỆNH_TC values('huyết hư', 'ít rêu');
insert into BỆNH_TC values('huyết hư', 'chóng mặt');
insert into BỆNH_TC values('huyết hư', 'hoa mắt. ở phụ nữ');
insert into BỆNH_TC values('huyết hư', 'kinh nguyệt không đều');
insert into BỆNH_TC values('huyết hư', 'lượng kinh ít');
insert into BỆNH_TC values('huyết hư', 'sắc nhợt');
insert into BỆNH_TC values('liệt dây vii do lạnh', 'sau khi gặp mưa');
insert into BỆNH_TC values('liệt dây vii do lạnh', 'gió lạnh tự nhiên mắt không nhắm được');
insert into BỆNH_TC values('liệt dây vii do lạnh', 'chảy nước mắt');
insert into BỆNH_TC values('liệt dây vii do lạnh', 'miệng méo cùng bên với mắt');
insert into BỆNH_TC values('liệt dây vii do lạnh', 'khi cười nửa mặt bên co xếch lên còn bên bệnh vẫn nguyên');
insert into BỆNH_TC values('liệt dây vii do lạnh', 'mặt hơi xệ xuống');
insert into BỆNH_TC values('liệt dây vii do lạnh', 'nếp mũi');
insert into BỆNH_TC values('liệt dây vii do lạnh', 'miệng');
insert into BỆNH_TC values('liệt dây vii do lạnh', 'trán đều mờ đi. không cau mày');
insert into BỆNH_TC values('liệt dây vii do lạnh', 'thổi sáo');
insert into BỆNH_TC values('liệt dây vii do lạnh', 'thổi lửa được. khi uống nước');
insert into BỆNH_TC values('liệt dây vii do lạnh', 'nước trào ra phía bên miệng. toàn than có hiện tươngk hơi sợ lạnh');
insert into BỆNH_TC values('liệt dây vii do lạnh', 'rêu lưỡi trắng mỏng');
insert into BỆNH_TC values('liệt dây vii do lạnh', 'mạch phù khẩn');
insert into BỆNH_TC values('liệt dây vii do nhiễm trùng', 'tại chỗ giống như trên');
insert into BỆNH_TC values('liệt dây vii do nhiễm trùng', 'toàn than có sốt');
insert into BỆNH_TC values('liệt dây vii do nhiễm trùng', 'sợ gió');
insert into BỆNH_TC values('liệt dây vii do nhiễm trùng', 'sợ nóng');
insert into BỆNH_TC values('liệt dây vii do nhiễm trùng', 'rêu lưỡi trắng dày hoặc vàng. mạch phù');
insert into BỆNH_TC values('liệt dây vii do nhiễm trùng', 'sác. sauk hi hết sốt để lại chứng liệt dây vii ngoại biên');
insert into BỆNH_TC values('liệt dây vii do sang chấn (?)', 'gần giống triệu chứng liệt dây vii');
insert into BỆNH_TC values('liệt dây vii do sang chấn (?)', 'gần tìm hiểu nguyên nhân gây sang chấn như sau ngã');
insert into BỆNH_TC values('liệt dây vii do sang chấn (?)', 'bị thương tích');
insert into BỆNH_TC values('liệt dây vii do sang chấn (?)', 'sau khi mổ vùng hàm mặt');
insert into BỆNH_TC values('liệt dây vii do sang chấn (?)', 'xương chũm v.v');
insert into BỆNH_TC values('trúng phong kinh lạc (?)', 'liệt mặt');
insert into BỆNH_TC values('trúng phong kinh lạc (?)', 'lưỡi lệch về bên lành');
insert into BỆNH_TC values('trúng phong kinh lạc (?)', 'liệt nửa người');
insert into BỆNH_TC values('trúng phong kinh lạc (?)', 'có thể mất ý thức');
insert into BỆNH_TC values('trúng phong kinh lạc (?)', 'hoa mắt chóng mặt');
insert into BỆNH_TC values('trúng phong kinh lạc (?)', 'mạch huyền');
insert into BỆNH_TC values('trúng phong kinh lạc (?)', 'tế');
insert into BỆNH_TC values('trúng phong kinh lạc (?)', 'sác (hay gặp ở người cao huyết áp');
insert into BỆNH_TC values('trúng phong kinh lạc (?)', 'sơ cứng động mạch) thể can thận hư. nếu chân tay co quắp');
insert into BỆNH_TC values('trúng phong kinh lạc (?)', 'miệng sùi bọt');
insert into BỆNH_TC values('trúng phong kinh lạc (?)', 'cử động khó khăn');
insert into BỆNH_TC values('trúng phong kinh lạc (?)', 'rêu lưỡi trắng dày');
insert into BỆNH_TC values('trúng phong kinh lạc (?)', 'mạch phù hoạt hoặc huyền hoạt (hay gặp ở người cao huyết áp tạng béo có colesterol máu cao) thể phong đàm (?)');
insert into BỆNH_TC values('chứng bế (hôn mê nông)', 'liệt nửa người');
insert into BỆNH_TC values('chứng bế (hôn mê nông)', 'miệng mím chặt');
insert into BỆNH_TC values('chứng bế (hôn mê nông)', 'tay nắm');
insert into BỆNH_TC values('chứng bế (hôn mê nông)', 'sắc mặt đỏ. thở dốc');
insert into BỆNH_TC values('chứng bế (hôn mê nông)', 'đờm khò khè');
insert into BỆNH_TC values('chứng bế (hôn mê nông)', 'người nóng');
insert into BỆNH_TC values('chứng bế (hôn mê nông)', 'không ra mồ hôi');
insert into BỆNH_TC values('chứng bế (hôn mê nông)', 'táo bón');
insert into BỆNH_TC values('chứng bế (hôn mê nông)', 'rêu lưỡi vàng dày');
insert into BỆNH_TC values('chứng bế (hôn mê nông)', 'mạch hoạt sác hữu lực');
insert into BỆNH_TC values('chứng thoát (hôn mê sâu)', 'hôn mê');
insert into BỆNH_TC values('chứng thoát (hôn mê sâu)', 'người lạnh');
insert into BỆNH_TC values('chứng thoát (hôn mê sâu)', 'đổ mồ hôi');
insert into BỆNH_TC values('chứng thoát (hôn mê sâu)', 'chân tay mềm duỗi');
insert into BỆNH_TC values('chứng thoát (hôn mê sâu)', 'mắt hé');
insert into BỆNH_TC values('chứng thoát (hôn mê sâu)', 'mồm hé');
insert into BỆNH_TC values('chứng thoát (hôn mê sâu)', 'đại tiểu tiện ra quần');
insert into BỆNH_TC values('chứng thoát (hôn mê sâu)', 'thở khò khè');
insert into BỆNH_TC values('chứng thoát (hôn mê sâu)', 'lưỡi nhợt');
insert into BỆNH_TC values('chứng thoát (hôn mê sâu)', 'mạch tế sác');
insert into BỆNH_TC values('chứng thoát (hôn mê sâu)', 'trầm tế khó bắt');
insert into BỆNH_TC values('huyết nhiệt (thực nhiệt)', 'số lượng ra nhiều máu đỏ tía');
insert into BỆNH_TC values('huyết nhiệt (thực nhiệt)', 'máu cục');
insert into BỆNH_TC values('huyết nhiệt (thực nhiệt)', 'sắc mặt đỏ');
insert into BỆNH_TC values('huyết nhiệt (thực nhiệt)', 'môi khô');
insert into BỆNH_TC values('huyết nhiệt (thực nhiệt)', 'dễ cáu gắt');
insert into BỆNH_TC values('huyết nhiệt (thực nhiệt)', 'thích mát');
insert into BỆNH_TC values('huyết nhiệt (thực nhiệt)', 'đại tiện táo');
insert into BỆNH_TC values('huyết nhiệt (thực nhiệt)', 'tiểu tiện vàng');
insert into BỆNH_TC values('huyết nhiệt (thực nhiệt)', 'đỏ');
insert into BỆNH_TC values('huyết nhiệt (thực nhiệt)', 'rêu lưỡi vàng');
insert into BỆNH_TC values('huyết nhiệt (thực nhiệt)', 'mạch hồng thực');
insert into BỆNH_TC values('huyết nhiệt (thực nhiệt)', 'hoạt sác');
insert into BỆNH_TC values('âm hư, huyết nhiệt (hư nhiệt)', 'lượng kinh ít');
insert into BỆNH_TC values('âm hư, huyết nhiệt (hư nhiệt)', 'màu đỏ và trong');
insert into BỆNH_TC values('âm hư, huyết nhiệt (hư nhiệt)', 'không có cục');
insert into BỆNH_TC values('âm hư, huyết nhiệt (hư nhiệt)', 'sắc mặt không nhuận');
insert into BỆNH_TC values('âm hư, huyết nhiệt (hư nhiệt)', 'gò má đỏ');
insert into BỆNH_TC values('âm hư, huyết nhiệt (hư nhiệt)', 'hoa mắt');
insert into BỆNH_TC values('âm hư, huyết nhiệt (hư nhiệt)', 'chóng mặt');
insert into BỆNH_TC values('âm hư, huyết nhiệt (hư nhiệt)', 'phiền nhiệt');
insert into BỆNH_TC values('âm hư, huyết nhiệt (hư nhiệt)', 'ngủ không yên');
insert into BỆNH_TC values('âm hư, huyết nhiệt (hư nhiệt)', 'chất lưỡi đỏ');
insert into BỆNH_TC values('âm hư, huyết nhiệt (hư nhiệt)', 'rêu vàng khô');
insert into BỆNH_TC values('âm hư, huyết nhiệt (hư nhiệt)', 'miệng lở loét');
insert into BỆNH_TC values('âm hư, huyết nhiệt (hư nhiệt)', 'mạch tế sác');
insert into BỆNH_TC values('do khí hư', 'lượng kinh nhiều');
insert into BỆNH_TC values('do khí hư', 'màu nhạt loãng');
insert into BỆNH_TC values('do khí hư', 'sắc mặt trắng bong');
insert into BỆNH_TC values('do khí hư', 'tinh thần uể oải');
insert into BỆNH_TC values('do khí hư', 'hồi hộp');
insert into BỆNH_TC values('do khí hư', 'ngắn hơi');
insert into BỆNH_TC values('do khí hư', 'co lưng đùi mỏi');
insert into BỆNH_TC values('do khí hư', '');
insert into BỆNH_TC values('do khí hư', 'bụng dưới sa');
insert into BỆNH_TC values('do khí hư', 'chất lưỡi nhợt');
insert into BỆNH_TC values('do khí hư', 'rêu lưỡi mỏng ướt');
insert into BỆNH_TC values('do khí hư', 'mạch hư nhược');
insert into BỆNH_TC values('do hàn', '');
insert into BỆNH_TC values('huyết ứ (thực)', 'lượng ít');
insert into BỆNH_TC values('huyết ứ (thực)', 'màu tím đen có cục');
insert into BỆNH_TC values('huyết ứ (thực)', 'sắc mặt tím xám');
insert into BỆNH_TC values('huyết ứ (thực)', 'bụng dưới chướng');
insert into BỆNH_TC values('huyết ứ (thực)', 'ấn đau');
insert into BỆNH_TC values('huyết ứ (thực)', 'sau khi hành kinh hết đau');
insert into BỆNH_TC values('huyết ứ (thực)', 'táo bón');
insert into BỆNH_TC values('huyết ứ (thực)', 'nước tiểu đỏ sẻn');
insert into BỆNH_TC values('huyết ứ (thực)', 'lữoi xám');
insert into BỆNH_TC values('huyết ứ (thực)', 'mạch trầm sác');
insert into BỆNH_TC values('huyết hư', 'lượng kinh ít');
insert into BỆNH_TC values('huyết hư', 'máu loãng');
insert into BỆNH_TC values('huyết hư', 'sắc mặt trắng');
insert into BỆNH_TC values('huyết hư', 'mêtk mỏi');
insert into BỆNH_TC values('huyết hư', 'hồi hộp');
insert into BỆNH_TC values('huyết hư', 'đoản hơi');
insert into BỆNH_TC values('huyết hư', 'móng tay chân nhợt');
insert into BỆNH_TC values('huyết hư', 'da khô sáp');
insert into BỆNH_TC values('huyết hư', 'đầu choáng');
insert into BỆNH_TC values('huyết hư', 'mắt hoa');
insert into BỆNH_TC values('huyết hư', 'ít ngủ lưỡi nhạt');
insert into BỆNH_TC values('huyết hư', 'ít rêu');
insert into BỆNH_TC values('huyết hư', 'mạch tế sác hoặc hư tế');
insert into BỆNH_TC values('đàm thấp', 'lượng kinh có thể nhiều hoặc ít');
insert into BỆNH_TC values('đàm thấp', 'sắc kinh nhợt');
insert into BỆNH_TC values('đàm thấp', 'dính');
insert into BỆNH_TC values('đàm thấp', 'ngực bụng chướng');
insert into BỆNH_TC values('đàm thấp', 'lơmk giọng buồn nôn');
insert into BỆNH_TC values('đàm thấp', 'ăn kém');
insert into BỆNH_TC values('đàm thấp', 'miệng nhạt');
insert into BỆNH_TC values('đàm thấp', 'rêu lưỡi trắng');
insert into BỆNH_TC values('đàm thấp', 'mạch huyền');
insert into BỆNH_TC values('đàm thấp', 'hoạt');
insert into BỆNH_TC values('khí uất', 'lượng kinh ít');
insert into BỆNH_TC values('khí uất', 'bụng dưới chướng đau');
insert into BỆNH_TC values('khí uất', 'tinh thần không thoải mái');
insert into BỆNH_TC values('khí uất', 'ngực sườn đầy tức');
insert into BỆNH_TC values('khí uất', 'ợ hơi');
insert into BỆNH_TC values('khí uất', 'mạch huyền sác');
insert into BỆNH_TC values('can khí uất kết', 'kinh nguyệt không đúng kỳ');
insert into BỆNH_TC values('can khí uất kết', 'lượng huyết ít');
insert into BỆNH_TC values('can khí uất kết', 'sắc đỏ tía có cục');
insert into BỆNH_TC values('can khí uất kết', 'sắc mặt xanh xám');
insert into BỆNH_TC values('can khí uất kết', 'tinh thần uất ức');
insert into BỆNH_TC values('can khí uất kết', 'đau bụng trước khi hành kinh');
insert into BỆNH_TC values('can khí uất kết', 'ợ hơi');
insert into BỆNH_TC values('can khí uất kết', 'táo bón');
insert into BỆNH_TC values('can khí uất kết', 'đau lưng');
insert into BỆNH_TC values('can khí uất kết', 'mạch huyền các');
insert into BỆNH_TC values('tỳ hư', 'lượng kinh ít');
insert into BỆNH_TC values('tỳ hư', 'sắc nhạt');
insert into BỆNH_TC values('tỳ hư', 'sắc mặt vàng');
insert into BỆNH_TC values('tỳ hư', 'chân tay phù thũng');
insert into BỆNH_TC values('tỳ hư', 'mệt mỏi thích nằm');
insert into BỆNH_TC values('tỳ hư', 'tay chân không âm');
insert into BỆNH_TC values('tỳ hư', 'chóng mặt hồi hộp');
insert into BỆNH_TC values('tỳ hư', 'nhạt miệng');
insert into BỆNH_TC values('tỳ hư', 'ăn kém');
insert into BỆNH_TC values('tỳ hư', 'đại tiện lỏng');
insert into BỆNH_TC values('tỳ hư', 'rêu lưỡi trắng');
insert into BỆNH_TC values('tỳ hư', 'mạch hư');
insert into BỆNH_TC values('tỳ hư', 'trì');
insert into BỆNH_TC values('can thận hư', 'sắc huyết nhạt');
insert into BỆNH_TC values('can thận hư', 'trong loãng');
insert into BỆNH_TC values('can thận hư', 'sắc mặt xám');
insert into BỆNH_TC values('can thận hư', 'ù tai');
insert into BỆNH_TC values('can thận hư', 'chóng mặt');
insert into BỆNH_TC values('can thận hư', 'đau mỏi lưng');
insert into BỆNH_TC values('can thận hư', 'tiểu tiện trong');
insert into BỆNH_TC values('can thận hư', 'nhiều lần');
insert into BỆNH_TC values('can thận hư', 'đại tiện lỏng');
insert into BỆNH_TC values('can thận hư', 'mạch trầm');
insert into BỆNH_TC values('nhiễm khuẩn', 'nkhis hư ra nhiều');
insert into BỆNH_TC values('nhiễm khuẩn', 'màu vàng');
insert into BỆNH_TC values('nhiễm khuẩn', 'có thể kèm huyết');
insert into BỆNH_TC values('nhiễm khuẩn', 'dính');
insert into BỆNH_TC values('nhiễm khuẩn', 'mùi hôi tanh');
insert into BỆNH_TC values('nhiễm khuẩn', 'nặng đầu');
insert into BỆNH_TC values('nhiễm khuẩn', 'hoa mắt');
insert into BỆNH_TC values('nhiễm khuẩn', 'mệt mỏi đại tiện bất thườngtieeur tiện màu sẫm');
insert into BỆNH_TC values('nhiễm khuẩn', 'có thể xén');
insert into BỆNH_TC values('nhiễm khuẩn', 'đái són');
insert into BỆNH_TC values('nhiễm khuẩn', 'rêu lưỡi vàng nhờn');
insert into BỆNH_TC values('nhiễm khuẩn', 'mạch nhu sác');
insert into BỆNH_TC values('can uất', 'khí hư màu hồng nhạt');
insert into BỆNH_TC values('can uất', 'hay trắng');
insert into BỆNH_TC values('can uất', 'dính');
insert into BỆNH_TC values('can uất', 'ra liên tục');
insert into BỆNH_TC values('can uất', 'kèm theo kinh nguyệt không đều');
insert into BỆNH_TC values('can uất', 'tinh thần uất ức');
insert into BỆNH_TC values('can uất', 'mạng sườn đầy chướng');
insert into BỆNH_TC values('can uất', 'miệng đắng');
insert into BỆNH_TC values('can uất', 'hong khô');
insert into BỆNH_TC values('can uất', 'đại tiện bình thường');
insert into BỆNH_TC values('can uất', 'tiểu tiện vàng');
insert into BỆNH_TC values('can uất', 'mạch huyền');
insert into BỆNH_TC values('đàm thấp (?)', 'người béo mập');
insert into BỆNH_TC values('đàm thấp (?)', 'khí hư ra nhiều');
insert into BỆNH_TC values('đàm thấp (?)', 'giống như đờm');
insert into BỆNH_TC values('đàm thấp (?)', 'đầu nặng');
insert into BỆNH_TC values('đàm thấp (?)', 'choáng váng');
insert into BỆNH_TC values('đàm thấp (?)', 'bụng ngực bứt rứt');
insert into BỆNH_TC values('đàm thấp (?)', 'ăn kém');
insert into BỆNH_TC values('đàm thấp (?)', 'hay lợm giọng nhạt miệng');
insert into BỆNH_TC values('đàm thấp (?)', 'rêu lưỡi trắng nhớt');
insert into BỆNH_TC values('đàm thấp (?)', 'mạch huyền');
insert into BỆNH_TC values('đàm thấp (?)', 'hoạt');
insert into BỆNH_TC values('tỳ hư', 'khí hư trắng');
insert into BỆNH_TC values('tỳ hư', 'không có mùi hôi');
insert into BỆNH_TC values('tỳ hư', 'kinh nguyệt bình thường');
insert into BỆNH_TC values('tỳ hư', 'sắc nặt trắng');
insert into BỆNH_TC values('tỳ hư', 'mệt mỏi');
insert into BỆNH_TC values('tỳ hư', 'tay chân lạnh');
insert into BỆNH_TC values('tỳ hư', 'đại tiện lỏng');
insert into BỆNH_TC values('tỳ hư', 'tiểu tiện trong');
insert into BỆNH_TC values('tỳ hư', 'có thể phù chân');
insert into BỆNH_TC values('tỳ hư', 'mạch hoãn');
insert into BỆNH_TC values('thận dương (?) hư', 'khí hư trắng lạnh');
insert into BỆNH_TC values('thận dương (?) hư', 'giống lòng trắng trứng');
insert into BỆNH_TC values('thận dương (?) hư', 'ra lâu ngày không ngừng');
insert into BỆNH_TC values('thận dương (?) hư', 'sắc mặt xám');
insert into BỆNH_TC values('thận dương (?) hư', 'mệt mỏi');
insert into BỆNH_TC values('thận dương (?) hư', 'đại tiện lỏng');
insert into BỆNH_TC values('thận dương (?) hư', 'tiểu tiện trong');
insert into BỆNH_TC values('thận dương (?) hư', 'lưng mỏi như gãy');
insert into BỆNH_TC values('thận dương (?) hư', 'lưng bụng cảm thấy lạnh');
insert into BỆNH_TC values('thận dương (?) hư', 'chân tay lạnh');
insert into BỆNH_TC values('thận dương (?) hư', 'đau bụng dưới');
insert into BỆNH_TC values('thận dương (?) hư', 'rêu lưỡi trắng');
insert into BỆNH_TC values('thận dương (?) hư', 'mạch trầm tế');
insert into BỆNH_TC values('thận dương (?) hư', 'trì');
insert into BỆNH_TC values('thận âm (?) hư', 'khí hư ra nhiều');
insert into BỆNH_TC values('thận âm (?) hư', 'màu đỏ');
insert into BỆNH_TC values('thận âm (?) hư', 'người gầy khô');
insert into BỆNH_TC values('thận âm (?) hư', 'chóng mặt');
insert into BỆNH_TC values('thận âm (?) hư', 'hoa mắt');
insert into BỆNH_TC values('thận âm (?) hư', 'hồi hộp ít ngủ');
insert into BỆNH_TC values('thận âm (?) hư', 'miệng khô nóng');
insert into BỆNH_TC values('thận âm (?) hư', 'mỏi lưng');
insert into BỆNH_TC values('thận âm (?) hư', 'sắc mặt đỏ bừng');
insert into BỆNH_TC values('thận âm (?) hư', 'lưỡi đỏ ít rêu');
insert into BỆNH_TC values('thận âm (?) hư', 'mạch tế sác');
insert into BỆNH_TC values('tắc tia sữa', 'sốt');
insert into BỆNH_TC values('tắc tia sữa', 'có khi sốt rét');
insert into BỆNH_TC values('tắc tia sữa', 'vú sưng đau do tắc sữa');
insert into BỆNH_TC values('tắc tia sữa', 'rêu lưỡi dày vàng');
insert into BỆNH_TC values('tắc tia sữa', 'mạch sác');
insert into BỆNH_TC values('sốt cao co giật trẻ em (cấp kinh phong)', 'trẻ em sốt cao');
insert into BỆNH_TC values('sốt cao co giật trẻ em (cấp kinh phong)', 'không mồ hôi');
insert into BỆNH_TC values('sốt cao co giật trẻ em (cấp kinh phong)', 'ý thức rối loạn hoặc mê man');
insert into BỆNH_TC values('sốt cao co giật trẻ em (cấp kinh phong)', 'mắt trợn');
insert into BỆNH_TC values('sốt cao co giật trẻ em (cấp kinh phong)', 'răng cắn chặt');
insert into BỆNH_TC values('sốt cao co giật trẻ em (cấp kinh phong)', 'người cứng ưỡn');
insert into BỆNH_TC values('sốt cao co giật trẻ em (cấp kinh phong)', 'chân tay co giật');
insert into BỆNH_TC values('sốt cao co giật trẻ em (cấp kinh phong)', 'chỉ tay (?) xanh tím mạch phù sác');
insert into BỆNH_TC values('sốt cao co giật trẻ em (cấp kinh phong)', 'huyền sác');
insert into BỆNH_TC values('giai đoạn sơ nhiễm', 'chảy nước mũi');
insert into BỆNH_TC values('giai đoạn sơ nhiễm', 'nạt mũi');
insert into BỆNH_TC values('giai đoạn sơ nhiễm', 'ho lien tục');
insert into BỆNH_TC values('giai đoạn sơ nhiễm', 'ngày nhẹ đêm nặng');
insert into BỆNH_TC values('giai đoạn sơ nhiễm', 'rêu lưỡi trắng mỏng');
insert into BỆNH_TC values('giai đoạn ho cơn', 'sau khi mắc bệnh khoảng một tuần');
insert into BỆNH_TC values('giai đoạn ho cơn', 'ho ngày càng nặng');
insert into BỆNH_TC values('giai đoạn ho cơn', 'ho cơn');
insert into BỆNH_TC values('giai đoạn ho cơn', 'sau khi ho có tiếng rít');
insert into BỆNH_TC values('giai đoạn ho cơn', 'nôn ra đờm dãi');
insert into BỆNH_TC values('giai đoạn ho cơn', 'thức ăn');
insert into BỆNH_TC values('giai đoạn ho cơn', 'bệnh nặng có thể ho ra máu');
insert into BỆNH_TC values('giai đoạn ho cơn', 'xuất huyết giác mạc');
insert into BỆNH_TC values('giai đoạn ho cơn', 'chay máu cam');
insert into BỆNH_TC values('giai đoạn ho cơn', 'mặt nặng phù');
insert into BỆNH_TC values('giai đoạn ho cơn', 'rêu lưỡi vàng dày');
insert into BỆNH_TC values('giai đoạn phục hồi', 'cơn ho giảm dần');
insert into BỆNH_TC values('giai đoạn phục hồi', 'thở ngắn');
insert into BỆNH_TC values('giai đoạn phục hồi', 'dễ ra mồ hôi');
insert into BỆNH_TC values('giai đoạn phục hồi', 'khát nước');
insert into BỆNH_TC values('giai đoạn phục hồi', 'chất lưỡi đỏ');
insert into BỆNH_TC values('thận khí hư hàn', 'tiểu tiện không tự chủ trong khi ngủ có khi 2-3 lần /đêm. sắc mặt trắng sợ lạnh');
insert into BỆNH_TC values('thận khí hư hàn', 'chân tay lạnh');
insert into BỆNH_TC values('thận khí hư hàn', 'lưng gối mỏi yếu');
insert into BỆNH_TC values('thận khí hư hàn', 'nước tiểu trong dài');
insert into BỆNH_TC values('thận khí hư hàn', 'đái nhiều lần');
insert into BỆNH_TC values('thận khí hư hàn', 'chất lưỡi nhạt mạch trì');
insert into BỆNH_TC values('thận khí hư hàn', 'vô lực');
insert into BỆNH_TC values('do phế tỳ khí hư', 'tiểu nhiều lần nhưng lượng nước tiểu ít');
insert into BỆNH_TC values('do phế tỳ khí hư', 'sắc mặt trắng');
insert into BỆNH_TC values('do phế tỳ khí hư', 'người gầy mệt mỏi');
insert into BỆNH_TC values('do phế tỳ khí hư', 'ăn kém');
insert into BỆNH_TC values('do phế tỳ khí hư', 'phân nát');
insert into BỆNH_TC values('do phế tỳ khí hư', 'mồ hôi nhiều');
insert into BỆNH_TC values('do phế tỳ khí hư', 'lưỡi đạm (?)');
insert into BỆNH_TC values('do phế tỳ khí hư', 'mạch nhu hoãn');
insert into BỆNH_TC values('do can khí uất nhiệt', 'nước tiểu vàng');
insert into BỆNH_TC values('do can khí uất nhiệt', 'long bàn chân');
insert into BỆNH_TC values('do can khí uất nhiệt', 'bàn tay nóng');
insert into BỆNH_TC values('do can khí uất nhiệt', 'đêm hay nghiến răng');
insert into BỆNH_TC values('do can khí uất nhiệt', 'môi đỏ');
insert into BỆNH_TC values('do can khí uất nhiệt', 'rêu lưỡi vàng mỏng');
insert into BỆNH_TC values('do can khí uất nhiệt', 'mạch hoạt sác. nếu có âm hư');
insert into BỆNH_TC values('do can khí uất nhiệt', 'rêu lưỡi sạch');
insert into BỆNH_TC values('do can khí uất nhiệt', 'mạch tế sác');
insert into BỆNH_TC values('quai bị', 'thoạt tiên có ghê nóng');
insert into BỆNH_TC values('quai bị', 'rét');
insert into BỆNH_TC values('quai bị', 'đau đầu');
insert into BỆNH_TC values('quai bị', 'ê ẩm vùng dái tai');
insert into BỆNH_TC values('quai bị', 'sau đó sưng nóng đỏ tuyến mang tai một hoặc hai bên hàm');
insert into BỆNH_TC values('quai bị', 'há miệng khó. thời gian sưng 5-6 ngày rồi khỏi. trường hợp nặng thấy sốt cao');
insert into BỆNH_TC values('quai bị', 'mê sảng');
insert into BỆNH_TC values('quai bị', 'viêm tuyến mang tai');
insert into BỆNH_TC values('quai bị', 'viêm tinh hoàn');
insert into BỆNH_TC values('quai bị', 'buồng trứng');
insert into BỆNH_TC values('quai bị', 'rêu lưỡi vàng');
insert into BỆNH_TC values('quai bị', 'mạch phù sác hữu lực');
insert into BỆNH_TC values('thể vệ khí (khởi phát chưa có biến chứng)', 'sốt');
insert into BỆNH_TC values('thể vệ khí (khởi phát chưa có biến chứng)', 'hơi sợ lạnh');
insert into BỆNH_TC values('thể vệ khí (khởi phát chưa có biến chứng)', 'ít mồ hôi');
insert into BỆNH_TC values('thể vệ khí (khởi phát chưa có biến chứng)', 'đau đầu');
insert into BỆNH_TC values('thể vệ khí (khởi phát chưa có biến chứng)', 'gáy hơi cứng');
insert into BỆNH_TC values('thể vệ khí (khởi phát chưa có biến chứng)', 'tinh thần tỉnh táo');
insert into BỆNH_TC values('thể vệ khí (khởi phát chưa có biến chứng)', 'có thể co giật');
insert into BỆNH_TC values('thể vệ khí (khởi phát chưa có biến chứng)', 'rêu lưỡi trắng');
insert into BỆNH_TC values('thể vệ khí (khởi phát chưa có biến chứng)', 'mỏng hoặc vàng');
insert into BỆNH_TC values('thể doanh huyết (toàn phát có biến chứng)', 'sốt cao');
insert into BỆNH_TC values('thể doanh huyết (toàn phát có biến chứng)', 'nhức đầu');
insert into BỆNH_TC values('thể doanh huyết (toàn phát có biến chứng)', 'cổ gáy cứng');
insert into BỆNH_TC values('thể doanh huyết (toàn phát có biến chứng)', 'miệng khát');
insert into BỆNH_TC values('thể doanh huyết (toàn phát có biến chứng)', 'cco giật');
insert into BỆNH_TC values('thể doanh huyết (toàn phát có biến chứng)', 'hôn mê');
insert into BỆNH_TC values('thể doanh huyết (toàn phát có biến chứng)', 'chất lưỡi đỏ');
insert into BỆNH_TC values('thể doanh huyết (toàn phát có biến chứng)', 'nhịp thở thất thường');
insert into BỆNH_TC values('thể doanh huyết (toàn phát có biến chứng)', 'mạch sác đại');
insert into BỆNH_TC values('giai đoạn hồi phục và di chứng', 'sau khi sốt lui');
insert into BỆNH_TC values('giai đoạn hồi phục và di chứng', 'do sốt kéo dài lâu ngày gây mất tân dịch gây âm hư. hơi sốt về chiều');
insert into BỆNH_TC values('giai đoạn hồi phục và di chứng', 'miệng khô');
insert into BỆNH_TC values('giai đoạn hồi phục và di chứng', 'lưỡi đỏ');
insert into BỆNH_TC values('giai đoạn hồi phục và di chứng', 'phiền táo');
insert into BỆNH_TC values('giai đoạn hồi phục và di chứng', 'mạch tế sác. một số có di chứng về thần kinh');
insert into BỆNH_TC values('giai đoạn hồi phục và di chứng', 'tinh thần như: đần độn');
insert into BỆNH_TC values('giai đoạn hồi phục và di chứng', 'động kinh');
insert into BỆNH_TC values('giai đoạn hồi phục và di chứng', 'tay chân co quắp');
insert into BỆNH_TC values('giai đoạn hồi phục và di chứng', 'run tay chân');
insert into BỆNH_TC values('giai đoạn hồi phục và di chứng', 'câm điếc');
insert into BỆNH_TC values('giai đoạn hồi phục và di chứng', 'không nhai nuốt được');
insert into BỆNH_TC values('giai đoạn hồi phục và di chứng', 'chảy dãi');
insert into BỆNH_TC values('giai đoạn hồi phục và di chứng', 'nghiến răng');
insert into BỆNH_TC values('di chứng bại liệt trẻ em (giai đoạn đầu trong vòng 6 tháng)', 'sau khi sốt xuất hiện các cơ bị liệt');
insert into BỆNH_TC values('di chứng bại liệt trẻ em (giai đoạn đầu trong vòng 6 tháng)', 'tay chân không cử động');
insert into BỆNH_TC values('di chứng bại liệt trẻ em (giai đoạn đầu trong vòng 6 tháng)', 'hay gặp ở chi dưới. mức độ');
insert into BỆNH_TC values('di chứng bại liệt trẻ em (giai đoạn đầu trong vòng 6 tháng)', 'vị trí bị liệt tùy theo tổn thươg ở sừng trước tủy');
insert into BỆNH_TC values('di chứng bại liệt trẻ em (giai đoạn đầu trong vòng 6 tháng)', 'có thể cả chi');
insert into BỆNH_TC values('di chứng bại liệt trẻ em (giai đoạn đầu trong vòng 6 tháng)', 'có thể một số cơ bị liệt');
insert into BỆNH_TC values('di chứng bại liệt trẻ em (giai đoạn đầu trong vòng 6 tháng)', 'hoặc thậm chí cả bên phải và bên trái dều bị liệt.');
insert into BỆNH_TC values('loại cận thị nhẹ không quá 3 đi ốp, không có tổn thưpwng thực thể ở mắt có thể chữa bằng châm cứu', 'chỉ nhìn rõ những vật ở gần');
insert into BỆNH_TC values('loại cận thị nhẹ không quá 3 đi ốp, không có tổn thưpwng thực thể ở mắt có thể chữa bằng châm cứu', 'thị lực nhìn xa ở mắt bao giờ cũng dưới 10/10. bệnh thường xuất hiện từ khi nhỏ');
insert into BỆNH_TC values('loại cận thị nhẹ không quá 3 đi ốp, không có tổn thưpwng thực thể ở mắt có thể chữa bằng châm cứu', 'sau tuổi trưởng thành ngày càng nặng');
insert into BỆNH_TC values('viêm kết mạc thể cấp', 'bệnh phát nhanh');
insert into BỆNH_TC values('viêm kết mạc thể cấp', 'màng kết hợp xung huyết');
insert into BỆNH_TC values('viêm kết mạc thể cấp', 'sưng nóng đỏ');
insert into BỆNH_TC values('viêm kết mạc thể cấp', 'dử mắt');
insert into BỆNH_TC values('viêm kết mạc thể cấp', 'sợ ánh sang');
insert into BỆNH_TC values('viêm kết mạc thể cấp', 'là bệnh dễ lây');
insert into BỆNH_TC values('viêm kết mạc thể bán cấp và mãn', 'màng kết hợp dầy lên');
insert into BỆNH_TC values('viêm kết mạc thể bán cấp và mãn', 'có nhiều tia máu');
insert into BỆNH_TC values('viêm kết mạc thể bán cấp và mãn', 'ngứa nhặm');
insert into BỆNH_TC values('viêm kết mạc thể bán cấp và mãn', 'nóng khô');
insert into BỆNH_TC values('viêm kết mạc thể bán cấp và mãn', 'sợ ánh nắng');
insert into BỆNH_TC values('viêm kết mạc thể bán cấp và mãn', 'nhìn chóng mỏi mắt');
insert into BỆNH_TC values('đục nhân mắt (không có biến chứng)', 'ở người già');
insert into BỆNH_TC values('đục nhân mắt (không có biến chứng)', 'bệnh phát triển từ từ');
insert into BỆNH_TC values('đục nhân mắt (không có biến chứng)', 'nhìn ngày một mờ đi');
insert into BỆNH_TC values('đục nhân mắt (không có biến chứng)', 'đồng tử ỷawngs dần');
insert into BỆNH_TC values('viêm võng mạc trung tâm', 'bênh nhân thấy nẩy đom đóm mắt');
insert into BỆNH_TC values('viêm võng mạc trung tâm', 'có cảm giác ruồi bay');
insert into BỆNH_TC values('viêm võng mạc trung tâm', 'thị lực giảm');
insert into BỆNH_TC values('viêm võng mạc trung tâm', 'nhìn các vật bị biến dạng');
insert into BỆNH_TC values('viêm võng mạc trung tâm', 'có thể quáng gà. ám điểm (?) trung tâm dương tính. khám soi thấy hoàng điêmt cương tụ');
insert into BỆNH_TC values('viêm võng mạc trung tâm', 'mờ ánh trung tâm');
insert into BỆNH_TC values('viêm võng mạc trung tâm', 'có nhiều chấm li ti màu vàng nhạt');
insert into BỆNH_TC values('viêm võng mạc trung tâm', 'có thể xen lấm chấm sắc tố đen');
insert into BỆNH_TC values('viêm võng mạc trung tâm', 'có khi kèm theo đục nhân mắt');
insert into BỆNH_TC values('viêm mũi cấp (viêm mũi dị ứng)', 'mũi có cảm giác ngứa');
insert into BỆNH_TC values('viêm mũi cấp (viêm mũi dị ứng)', 'khó chịu');
insert into BỆNH_TC values('viêm mũi cấp (viêm mũi dị ứng)', 'hắt hơi lien tục');
insert into BỆNH_TC values('viêm mũi cấp (viêm mũi dị ứng)', 'chảy nhiều nước mắt');
insert into BỆNH_TC values('viêm mũi cấp (viêm mũi dị ứng)', 'nước mũi');
insert into BỆNH_TC values('viêm mũi cấp (viêm mũi dị ứng)', 'có thể kèm theo mệt mỏi');
insert into BỆNH_TC values('viêm mũi cấp (viêm mũi dị ứng)', 'ăn kém');
insert into BỆNH_TC values('viêm xoang dị ứng', 'đau nhức các xoang (xoang trán');
insert into BỆNH_TC values('viêm xoang dị ứng', 'xoang mũi');
insert into BỆNH_TC values('viêm xoang dị ứng', 'xoang hàm…) chảy nước mũi trong');
insert into BỆNH_TC values('viêm xoang dị ứng', 'bệnh tăng khi thời tiết thay đổi');
insert into BỆNH_TC values('viêm xoang dị ứng', 'nặng về chiều');
insert into BỆNH_TC values('viêm xoang dị ứng', 'đêm');
insert into BỆNH_TC values('viêm xoang nhiễm khuẩn', 'ngạt mũi');
insert into BỆNH_TC values('viêm xoang nhiễm khuẩn', 'chảy nước mũi vàng');
insert into BỆNH_TC values('viêm xoang nhiễm khuẩn', 'có mủ');
insert into BỆNH_TC values('viêm xoang nhiễm khuẩn', 'đau nhức các xoang');
insert into BỆNH_TC values('viêm xoang nhiễm khuẩn', 'kem theo chứng toàn than như: sợ lạnh');
insert into BỆNH_TC values('viêm xoang nhiễm khuẩn', 'nhức đầu');
insert into BỆNH_TC values('viêm họng cấp', 'đột nhiên sưng đau họng một hoặc hai bên');
insert into BỆNH_TC values('viêm họng cấp', 'họng đỏ');
insert into BỆNH_TC values('viêm họng cấp', 'khô rát');
insert into BỆNH_TC values('viêm họng cấp', 'niêm mạc họng hơi phù nề');
insert into BỆNH_TC values('viêm họng cấp', 'kèm theo sốt');
insert into BỆNH_TC values('viêm họng cấp', 'nhức đầu.');
insert into BỆNH_TC values('viêm họng mãn tính', 'họng khô');
insert into BỆNH_TC values('viêm họng mãn tính', 'khó chịu');
insert into BỆNH_TC values('viêm họng mãn tính', 'niêm mạc họng có những điểm xung huyết');
insert into BỆNH_TC values('viêm họng mãn tính', 'hoặc những hạt lâm ba rải rác (viêm họng hạt)');
insert into BỆNH_TC values('phong hàn', 'tiếng nói khan');
insert into BỆNH_TC values('phong hàn', 'nói không ra tiếng');
insert into BỆNH_TC values('phong hàn', 'sốt ít');
insert into BỆNH_TC values('phong hàn', 'sợ lạnh');
insert into BỆNH_TC values('phong hàn', 'khạc đờm nhiều');
insert into BỆNH_TC values('phong hàn', 'loãng');
insert into BỆNH_TC values('phong hàn', 'rêu lưỡi trắng mỏng');
insert into BỆNH_TC values('phong hàn', 'mạch phù');
insert into BỆNH_TC values('đờm nhiệt', 'nói không ra tiếng');
insert into BỆNH_TC values('đờm nhiệt', 'đờm nhiều');
insert into BỆNH_TC values('đờm nhiệt', 'đặc vàng dính');
insert into BỆNH_TC values('đờm nhiệt', 'họng khô');
insert into BỆNH_TC values('đờm nhiệt', 'miệng đắng');
insert into BỆNH_TC values('đờm nhiệt', 'rêu lưỡi vàng');
insert into BỆNH_TC values('đờm nhiệt', 'mạch hoạt sác');
insert into BỆNH_TC values('phế âm hư', 'người gày');
insert into BỆNH_TC values('phế âm hư', 'họng khô');
insert into BỆNH_TC values('phế âm hư', 'ho khan nhiều');
insert into BỆNH_TC values('phế âm hư', 'khản tiếng');
insert into BỆNH_TC values('phế âm hư', 'chất lưỡi đỏ');
insert into BỆNH_TC values('phế âm hư', 'rêu lưỡi ít');
insert into BỆNH_TC values('phế âm hư', 'mạch tế sác');
insert into BỆNH_TC values('thận âm hư', 'họng khô');
insert into BỆNH_TC values('thận âm hư', 'khản tiếng');
insert into BỆNH_TC values('thận âm hư', 'bứt rứt');
insert into BỆNH_TC values('thận âm hư', 'đau lưng mỏi gối');
insert into BỆNH_TC values('thận âm hư', 'ù tai');
insert into BỆNH_TC values('thận âm hư', 'hoa mắt chóng mặt');
insert into BỆNH_TC values('thận âm hư', 'mạch tế sác');
insert into BỆNH_TC values('thể nhẹ', 'sợ lạnh');
insert into BỆNH_TC values('thể nhẹ', 'sốt nhức đầu');
insert into BỆNH_TC values('thể nhẹ', 'a mi đan sưng đỏ');
insert into BỆNH_TC values('thể nhẹ', 'họng đau');
insert into BỆNH_TC values('thể nhẹ', 'đầu lưỡi đỏ');
insert into BỆNH_TC values('thể nhẹ', 'rêu lưỡi trắng mỏng');
insert into BỆNH_TC values('thể nhẹ', 'mạch phù hoạt sác');
insert into BỆNH_TC values('thể nặng', 'sốt cao');
insert into BỆNH_TC values('thể nặng', 'khô miệng');
insert into BỆNH_TC values('thể nặng', 'tuyến a mi đan sưng to');
insert into BỆNH_TC values('thể nặng', 'loét hoặc hóa mủ');
insert into BỆNH_TC values('thể nặng', 'họng đau nhiều không dám ăntieeur tiện đỏ');
insert into BỆNH_TC values('thể nặng', 'hạch nổi dưới hàm');
insert into BỆNH_TC values('thể nặng', 'táo bón');
insert into BỆNH_TC values('thể nặng', 'rêu lưỡi vàng dày');
insert into BỆNH_TC values('thể nặng', 'mạch sác');
insert into BỆNH_TC values('thể nặng', 'hữu lực');
insert into BỆNH_TC values('đau răng cấp tính (thực chứng)', 'chân răng đỏ sưng đau');
insert into BỆNH_TC values('đau răng cấp tính (thực chứng)', 'đôi khi có mủ');
insert into BỆNH_TC values('đau răng cấp tính (thực chứng)', 'miệng hôi');
insert into BỆNH_TC values('đau răng cấp tính (thực chứng)', 'khát');
insert into BỆNH_TC values('đau răng cấp tính (thực chứng)', 'đại tiện táo bón');
insert into BỆNH_TC values('đau răng cấp tính (thực chứng)', 'có thể sốt');
insert into BỆNH_TC values('đau răng cấp tính (thực chứng)', 'ăn kém');
insert into BỆNH_TC values('đau răng cấp tính (thực chứng)', 'mạch sác');
insert into BỆNH_TC values('đau răng mãn (hư chứng)', 'răng đau âm ỉ');
insert into BỆNH_TC values('đau răng mãn (hư chứng)', 'răng lung lay có mủ');
insert into BỆNH_TC values('đau răng mãn (hư chứng)', 'họng khô lưỡi đỏ');
insert into BỆNH_TC values('đau răng mãn (hư chứng)', 'ít rêu');
insert into BỆNH_TC values('đau răng mãn (hư chứng)', 'mạch trầm tế sác');
insert into BỆNH_TC values('viêm lợi cấp (phong nhiệt nha cam)', 'lợi răng sưng đỏ');
insert into BỆNH_TC values('viêm lợi cấp (phong nhiệt nha cam)', 'loét');
insert into BỆNH_TC values('viêm lợi cấp (phong nhiệt nha cam)', 'chảy máu');
insert into BỆNH_TC values('viêm lợi cấp (phong nhiệt nha cam)', 'miệng hôi');
insert into BỆNH_TC values('viêm lợi cấp (phong nhiệt nha cam)', 'nước dãi nhiều');
insert into BỆNH_TC values('viêm lợi cấp (phong nhiệt nha cam)', 'nhức đầu ăn kém');
insert into BỆNH_TC values('viêm lợi cấp (phong nhiệt nha cam)', 'táo bón');
insert into BỆNH_TC values('viêm lợi cấp (phong nhiệt nha cam)', 'nước tiểu đỏ');
insert into BỆNH_TC values('thể phong hàn', 'da hơi đỏ hoặc sắc trắng');
insert into BỆNH_TC values('thể phong hàn', 'gặp lạnh hay phát bệnh');
insert into BỆNH_TC values('thể phong hàn', 'gặp nóng bệnh giảm');
insert into BỆNH_TC values('thể phong hàn', 'rêu lưỡi trắng');
insert into BỆNH_TC values('thể phong hàn', 'mạch phù khẩn');
insert into BỆNH_TC values('thể phong nhiệt', 'da đỏ');
insert into BỆNH_TC values('thể phong nhiệt', 'các nốt ban đỏ');
insert into BỆNH_TC values('thể phong nhiệt', 'nóng rát');
insert into BỆNH_TC values('thể phong nhiệt', 'khát');
insert into BỆNH_TC values('thể phong nhiệt', 'gặp khí hậu hoàn cảnh nóng bệnh phát ra hoặc tăng lên');
insert into BỆNH_TC values('thể phong nhiệt', 'chất lưỡi đỏ');
insert into BỆNH_TC values('thể phong nhiệt', 'rêu lưỡi vàng hoặc trắng');
insert into BỆNH_TC values('thể phong nhiệt', 'mạch phù sác');
insert into BỆNH_CCSB values('cảm mạo (phong hàn thấp)', 'tà khí thừa lúc cơ thể suy yếu xâm nhập vào biểu làm giảm công nămg tuyên giáng (?) của phế khí');
insert into BỆNH_CCSB values('cúm (phong nhiệt)', 'như cảm mạo');
insert into BỆNH_CCSB values('viêm phế quản do phong hàn', 'phong hàn xâm phạm, phế khí kém tuyên giáng gây ho');
insert into BỆNH_CCSB values('viêm phế quản do thủy ẩm (hàn ẩm)', 'tỳ phế khí hư, thủy ẩm ứ trệ');
insert into BỆNH_CCSB values('viêm phế quản do khí táo (?)', 'ngoại cảm khí mùa thu trời lạnh, phế khí bị khô ráo, thận âm (?) hư');
insert into BỆNH_CCSB values('viêm phế quản do tyd dương hư, đờm thấp', 'tỳ dương vận hóa kém, đờm thấp ứ lại, trở ngại sự tuyên giáng của phế khí');
insert into BỆNH_CCSB values('hen hàn (lãnh háo)', 'tỳ thận dơng hư, thủy ẩm (?), phong hàn xâm nhập. phế khí kém túc giáng (?)không thong điều thủy đạo (?)');
insert into BỆNH_CCSB values('hen nhiệt (nhiệt háo)', 'đờm hỏa, phong tà, khiến công năng hai tạng phế, thận suy yếu');
insert into BỆNH_CCSB values('phế khí hư', 'hen lâu ngày , phế khí hư nhược');
insert into BỆNH_CCSB values('phế âm hư', 'do cơ địa, lao đọng quá sức, bệnh hư lao, tạng phế suy .yếu');
insert into BỆNH_CCSB values('thận dương hư', 'thận hư không nạp được khí');
insert into BỆNH_CCSB values('nấc', 'tà khí tích tụ ở trung tiêu (?), hoặc quá cáu giận gan khi thịnh, vị khí bất giáng');
insert into BỆNH_CCSB values('khí trệ', 'can khí uất trệ, hoành nghịch làm vị khí mất điều hòa');
insert into BỆNH_CCSB values('hỏa uất', 'can hỏa vượng, nhiệt tích trong vị');
insert into BỆNH_CCSB values('hư chứng (thể hoãn)', '. điểm đau cố định, sắc mặt xanh nhạt, người mệt mỏi, chân tay lạnh, môi nhạt, chất lưỡi bệu, có điểm ứ huyết, mạch đại vô lực hoặc tế sác');
insert into BỆNH_CCSB values('tỳ vị hư hàn', 'tỳ vị hư hàn, không vận hóa được thức ăn, hàn thấp tích lại ở vị');
insert into BỆNH_CCSB values('đau bụng cảm hàn', 'hàn tà xâm nhập vùng bụng, tỳ vị thất điều, kinh mạch ngưng .trệ');
insert into BỆNH_CCSB values('đau bụng do tỳ vị hư hàn', 'dương khí tỳ vị suy kém, không đủ sức vận hóa, hàn thấp khí tỳ khí đình .trệ');
insert into BỆNH_CCSB values('đau bụng do thực tích', 'ăn quá nhiều hoặc ăn phải thức ăn sống lạnh, thức ăn bị đình trệ không tiêu hóa được ứ lại thành nhiệt ở trường vị');
insert into BỆNH_CCSB values('đau bụng do trùng tích (giun)', 'trùng tích quấy đọng, tỳ khí nghịch gây đau');
insert into BỆNH_CCSB values('đau bụng do khí trệ', 'khí trệ, huyết ứ gây đau');
insert into BỆNH_CCSB values('đau bụng do huyết ứ', 'huyết ứ gây .đau');
insert into BỆNH_CCSB values('ỉa chảy do hàn', 'hàn tà xâm nhập, rối loạn chức năng đại trường');
insert into BỆNH_CCSB values('ỉa chảy do nhiệt thử', 'nhiệt tà ảnh hưởng , làm rối loạn chức năng đại trường');
insert into BỆNH_CCSB values('tỳ hư', 'tỳ vị hư rối loạn tiêu hóa hoặc bệnh đại trường mãn');
insert into BỆNH_CCSB values('thận dương hư (mệnh môn hỏa suy)', 'mệnh môn hỏa suy, không vận hóa được thức ăn');
insert into BỆNH_CCSB values('ỉa chảy mãn do can tỳ bất hỏa', '.thần kinh bị kích động, can mộc vượng khắc tỳ thổ gây rối loạn tiêu hóa, ỉa chảy');
insert into BỆNH_CCSB values('lị do hàn thấp (bạch lị)', 'chính khí cơ thể suy yếu, hàn thấp xâm nhập làm công năng vận hóa tỳ vị rối loạn');
insert into BỆNH_CCSB values('lị do thấp  nhiệt (xích bạch lị)', 'thử thấp hay thấp nhiệt xâm phạm tỳ vị');
insert into BỆNH_CCSB values('lị cấm khẩu', 'nhiệt độc làm tổn thương vị, tỳ');
insert into BỆNH_CCSB values('lị mãn tính (hưu tức lị)', 'lị lâu ngauyf, tỳ vị hư gây bệnh');
insert into BỆNH_CCSB values('thực chứng', 'vì thực nhiệt thành thực bí, khí rệ làm chức năng đại trường rối loạn');
insert into BỆNH_CCSB values('táo bón do âm hư huyết nhiệt (?)', 'âm huyết hư, tân dịch giảm , gây táo.');
insert into BỆNH_CCSB values('táo bón do dương khí hư (ở người già, suy nhược, phụ nữ đẻ nhiều lần)', 'dương hư, âm hàn kết lại , khí hư, công năng đại trường suy yếu, khó đẩy phân ra ngoài.');
insert into BỆNH_CCSB values('thực chứng (thường gặp ở những người trẻ tuổi)', 'đại tiện khó, phân rắn, đẩy trực tràng ra ngoài');
insert into BỆNH_CCSB values('hư chứng (ngươig già yếu, trẻ em khí hư)', 'dương khí hư, hạ hãm gây lòi dom');
insert into BỆNH_CCSB values('nhiêm khuẩn đường tiết niệu', 'thấp nhiệt ở bang quang kết lại');
insert into BỆNH_CCSB values('sỏi đường tiết niệu, sang chấn (có thể dung cho hậu phẫu)', 'nhiệt kết bang quang, khí hóa tam tiêu rối loạn (?)');
insert into BỆNH_CCSB values('phế khí không giáng (?)', 'phế khí không giáng .trở ngại thủy đạo (?)');
insert into BỆNH_CCSB values('phụ nữ có mang bí tiểu', 'chính khí hư, thai đè ép niệu đạo');
insert into BỆNH_CCSB values('đau lưng do hàn thấp', 'ngoại tà phong, hàn, thấp xâm nhập, làm khí huyết ngưng trệ gây đau');
insert into BỆNH_CCSB values('đau lưng cấp do chấn thương, huyết ứ', 'chấn thương làm tổn thương kinh lạc, huyết ứ, khí huyết kém vận hành, gây đau');
insert into BỆNH_CCSB values('đau lưng do thận hư', 'thần kinh suy nhược, ham duc làm tinh khí kiệt, thương thận. thận hư, xương yếu, dần thành hư tổn');
insert into BỆNH_CCSB values('do phong hàn', 'phong hàn xâm nhập ứ trệ kinh lạc, khí huyết kém vận hành');
insert into BỆNH_CCSB values('thoái hóa cột sống gây chèn ép', 'thận hư, nhiễm phong hàn thấp, (có trường hợp đau lâu ngày hàn hóa hỏa)');
insert into BỆNH_CCSB values('vẹo cổ cấp', 'phong hàn tônt thương kinh lạc, hoặc có thể do ngủ lệch gối, tư thế cổ không tự nhiêngaay co rút cân mạch');
insert into BỆNH_CCSB values('chứng thực (nhiệt)', 'phong hàn, đờm thấp (?) xâm nhập');
insert into BỆNH_CCSB values('phong tý (hành tý)', 'vệ khí suy, phong tà xâm nhập, khí huyết bế tắc tại các khớp');
insert into BỆNH_CCSB values('hàn tý (thống tý)', 'hàn tà, ứ  trệ kinh lạc');
insert into BỆNH_CCSB values('thấp tý (trước tý)', 'thấp khí làm khí huyết ngưng trệ.');
insert into BỆNH_CCSB values('viêm khớp dạng thấp (phong thấp nhiệt tý )', 'phong thấp nhiệt tà xâm phạm');
insert into BỆNH_CCSB values('thận âm hư, can dương vượng', 'can uất hóa hỏa, ảnh hưởng thận âm.');
insert into BỆNH_CCSB values('ngoại cảm phong tà', 'ngoại tà xâm nhập kinh lạc gây đau đầu');
insert into BỆNH_CCSB values('đờm trọc thực tích (?)', 'đờm hỏa, tích nhiệt trong vị xông lên đầu');
insert into BỆNH_CCSB values('can khí thượng nghịch (?)', 'can đởm hỏa thịnh, gây trở ngại vận hành kinh khí');
insert into BỆNH_CCSB values('khí hư', 'mệt mỏi quá độ, dương khí không lên được');
insert into BỆNH_CCSB values('huyết hư', 'huyết không đủ, gâu đau');
insert into BỆNH_CCSB values('đau dây thần kinh tam thoa', 'phong tà hoặc huyết ứ, hoặc can vị nhiệt, hư hỏa bốc lên đầu mặt');
insert into BỆNH_CCSB values('can phong', 'can hỏa vượng, thận âm hư, sinh phong');
insert into BỆNH_CCSB values('đờm thấp (?)', 'đờm thấp trở trệ');
insert into BỆNH_CCSB values('huyết hư', 'huyết không đủ vận hành, gây chiongs mặt.');
insert into BỆNH_CCSB values('liệt dây vii do lạnh', 'phong hàn xâm phạm vào lạc mạch của  ba kinh dương ở mặt làm khí huyết kém điều hòa, kinh cân thiếu dinh dưỡng không co lại được.');
insert into BỆNH_CCSB values('liệt dây vii do nhiễm trùng', 'phong nhiệt xâm phạm lạc mạch, làm kinh cân thiếu dinh dưỡng');
insert into BỆNH_CCSB values('liệt dây vii do sang chấn (?)', 'ứ huyết gây liệt');
insert into BỆNH_CCSB values('trúng phong kinh lạc (?)', 'đờm nhiệt sinh phong, ứ trệ lạc mạch');
insert into BỆNH_CCSB values('chứng bế (hôn mê nông)', 'hỏa thịnh, đờm tắc làm mê tâm khiếu (?)');
insert into BỆNH_CCSB values('chứng thoát (hôn mê sâu)', 'tâm thận âm hư, phần dương nổi lên, âm dương không ký tế với nhau (?) , là chứng bệnh nguy hiểm');
insert into BỆNH_CCSB values('huyết nhiệt (thực nhiệt)', 'nhiệt tà can khí uất hỏa');
insert into BỆNH_CCSB values('âm hư, huyết nhiệt (hư nhiệt)', 'âm hư, huyết kém sinh hư nhiệt');
insert into BỆNH_CCSB values('do khí hư', 'cơ thể suy nhược, ảnh hưởng mạch xung, nhâm');
insert into BỆNH_CCSB values('do hàn', 'nội tạng hư hàn, ngoại cảm pôhng hàn');
insert into BỆNH_CCSB values('nhiễm khuẩn', 'thấp nhiệt, tỳ khí suy yếu');
insert into BỆNH_CCSB values('can uất', 'can uất sinh nhiệt');
insert into BỆNH_CCSB values('đàm thấp (?)', 'đờm thấp, khí hư');
insert into BỆNH_CCSB values('tắc tia sữa', 'nhiệt độc phạm vị thành ung');
insert into BỆNH_CCSB values('sốt cao co giật trẻ em (cấp kinh phong)', 'cảm ngoại tà nhập lý, hóa hỏa, nhiệt cực sinh phong: sữa ứ trong vị hóa hỏa than phong, đờm làm mê tâm khiếu');
insert into BỆNH_CCSB values('giai đoạn sơ nhiễm', 'hàn tà xâm nhập phế, làm phế khí kém túc giáng (?)');
insert into BỆNH_CCSB values('giai đoạn ho cơn', 'hàn tà hóa hỏa sinh đờm');
insert into BỆNH_CCSB values('giai đoạn phục hồi', 'bệnh lâu ngày phế khí âm hư');
insert into BỆNH_CCSB values('thận khí hư hàn', 'thận hư hàn không ước thúc được bang quang');
insert into BỆNH_CCSB values('do phế tỳ khí hư', 'phế tỳ khí hư, không thong điều thủy đạo');
insert into BỆNH_CCSB values('do can khí uất nhiệt', 'can uất nhiệt, ảnh hưởng thận, bang quang');
insert into BỆNH_CCSB values('quai bị', 'dịch độc xâm nhập kinh thiếu dương đởm, gây bệnh, có thể ảnh hưởng tới kinh can');
insert into BỆNH_CCSB values('thể vệ khí (khởi phát chưa có biến chứng)', 'thử ôn xâm nhập hun đốt vệ khí');
insert into BỆNH_CCSB values('thể doanh huyết (toàn phát có biến chứng)', 'thử ôn từ biểu vào lý, nhiệt cực sinh phong, tân dịch giảm sinh đờm, gây sốt cao co giật, đờm tắc gây hôn mê, nội bế, ngoại thoát');
insert into BỆNH_CCSB values('giai đoạn hồi phục và di chứng', 'bệnh tà làm tổn thương tạng phủ khí huyết kinh mạch');
insert into BỆNH_CCSB values('di chứng bại liệt trẻ em (giai đoạn đầu trong vòng 6 tháng)', 'phong nhiệt di chứng, lâu ngày gân cơ không được nuôi dưỡng sinh chứng bại liệt');
insert into BỆNH_CCSB values('loại cận thị nhẹ không quá 3 đi ốp, không có tổn thưpwng thực thể ở mắt có thể chữa bằng châm cứu', 'theo tây y cận thị được xếp là tật khúc xạ nhẵn cầu, có thể do nhiều nguyên nhân. theo y học phương đông mắt là đại biểu tinh hoa của lục phủ ngũ tạng,  về mặt kinh lạc 6 đường kinh dương đi lên mặt ít nhiều có quan hệ tới mắt. tree m cận thị có thể lý giải do can thận khí tiên thiên bất túc (?)');
insert into BỆNH_CCSB values('viêm kết mạc thể cấp', 'phong nhiệt phạm phế, uất lại, gây mắt sưng đỏ đau');
insert into BỆNH_CCSB values('viêm kết mạc thể bán cấp và mãn', 'phong nhiệt tà làm tâm phế bị uất hỏa');
insert into BỆNH_CCSB values('đục nhân mắt (không có biến chứng)', 'can thận hư, tinh huyết không đủ nuôi dưỡng mắt gây ra');
insert into BỆNH_CCSB values('viêm võng mạc trung tâm', 'can than hư hỏa bốc gây viêm');
insert into BỆNH_CCSB values('viêm mũi cấp (viêm mũi dị ứng)', 'phế khí, vệ khí hư, phong hàn xâm nhập');
insert into BỆNH_CCSB values('viêm xoang dị ứng', 'do phong hàn xâm nhập và phế khí hư, vệ khí hư');
insert into BỆNH_CCSB values('viêm xoang nhiễm khuẩn', 'nhiệt độc xông lên đầu mặt (kinh túc dương minh vị)');
insert into BỆNH_CCSB values('viêm họng cấp', 'ngoại cảm, phong tà kết hợp đờm nhiệt bên trong cơ thể xông lên');
insert into BỆNH_CCSB values('viêm họng mãn tính', 'đờm nhiệt lâu ngày, phế bị tích nhiệt, tổn thương phế âm');
insert into BỆNH_CCSB values('phong hàn', 'ngoại cảm phong hàn, phế khí kém tuyên giáng (?) gây bệnh');
insert into BỆNH_CCSB values('đờm nhiệt', 'đờm nhiệt phạm phế gây bệnh');
insert into BỆNH_CCSB values('phế âm hư', 'phế âm hư, hóa gây viêm');
insert into BỆNH_CCSB values('thận âm hư', 'thận âm hư làm hao phế gây viêm');
insert into BỆNH_CCSB values('thể nhẹ', 'phong nhiệt phạm phế');
insert into BỆNH_CCSB values('thể nặng', 'hỏa độc, phế nhiệt thịnh');
insert into BỆNH_CCSB values('đau răng cấp tính (thực chứng)', 'kinh  vị tích nhiệt uất lại ở răng');
insert into BỆNH_CCSB values('đau răng mãn (hư chứng)', 'đau răng lâu ngày, vị âm hư và thận âm hư, tân dịch giảm gây hư hỏa bốc lên thành bệnh');
insert into BỆNH_CCSB values('viêm lợi cấp (phong nhiệt nha cam)', 'kinh vị có nhiệt, kết hợp với cảm phong nhiệt');
insert into BỆNH_CCSB values('thể phong hàn', 'phong hàn xâm phạm, dịch vệ kém tuần hành');
